tag,material,label,seed,observer,air_Q_V2_s_m2,rock_Q_V2_s_m2,coherent_total_Q_V2_s_m2,cross_Q_V2_s_m2,rock_self_percent,air_self_percent,rock_over_coherent_total_percent,air_over_coherent_total_percent,cross_over_coherent_total_percent,integral_closure_relative,air_peak_nV_m,air_peak_time_us,air_energy_q05_us,air_energy_q95_us,air_CoREAS_ZHS_relative_l2,rock_peak_nV_m,rock_peak_time_us,rock_energy_q05_us,rock_energy_q95_us,rock_CoREAS_ZHS_relative_l2,total_peak_nV_m,total_peak_time_us,total_energy_q05_us,total_energy_q95_us,total_CoREAS_ZHS_relative_l2,normalized_time_power_overlap,rock_minus_air_peak_us,air_self_percent_in_rock_peak_0p2us_gate
openmp_silica_SiO2_seed158,silica_SiO2,Silica (SiO2),158,E01,8.0082134740513687e-26,0,8.0082134740513687e-26,0,0,100,0,100,0,0,1.9081739200375107,26.56640625,25.72265625,26.5859375,1.9744420335243707e-10,0,,,,0,1.9081739200375107,26.56640625,25.72265625,26.5859375,1.9744420335243707e-10,,,
openmp_silica_SiO2_seed158,silica_SiO2,Silica (SiO2),158,E20,5.3602990321535619e-25,2.4791003259779326e-26,5.608185229520452e-25,-2.3835230905122391e-30,4.4204848595241266,95.579515140475877,4.4205036469344954,95.579921360976755,-0.00042500791128756118,3.4091306198154552e-16,5.6792229826652125,22.984374999999996,22.3828125,22.99609375,5.464795345242603e-11,0.99016451609875555,41.160156250000007,40.05078125,42.074218750000007,2.4672776438217969e-10,5.6792133119067687,22.984374999999996,22.390625,23.1171875,7.4471358709424639e-11,9.3131665657068583e-05,18.175781250000011,0.002339239946998424
openmp_silica_SiO2_seed158,silica_SiO2,Silica (SiO2),158,N10,5.136111721292772e-27,1.8462090535597187e-29,5.1545709544644458e-27,-2.8573639241141537e-33,0.35816909815573161,99.641830901844273,0.35816929670173447,99.64188613689204,-5.5433593782220627e-05,1.2630044146418096e-16,0.46193224846957187,32.7890625,30.851562500000004,32.80859375,1.7375327659829335e-10,0.032150463162285897,55.558593750000007,55.523437500000007,57.20703125,4.2360316457529332e-10,0.4619324161253483,32.7890625,30.851562500000004,32.80859375,1.7528320469754066e-10,0.00011099447241533598,22.769531250000007,0.024226619947169827
openmp_silica_SiO2_seed946,silica_SiO2,Silica (SiO2),946,E01,9.3323455645292616e-23,3.7493534825338685e-29,9.332350918293476e-23,1.6044107336256729e-29,4.0175880225104232e-05,99.99995982411977,4.0175873318097208e-05,99.999942632202107,1.7191924603699507e-05,1.9252579355588659e-16,21.38297162191849,25.4453125,25.4453125,39.19921875,1.61634532567555e-10,0.03632838879502396,23.76953125,23.5078125,23.78125,1.6844996440309123e-09,21.382961238879808,25.4453125,25.4453125,39.19921875,1.6163834878318505e-10,0.0012853520443814948,-1.67578125,98.928722631384787
openmp_silica_SiO2_seed946,silica_SiO2,Silica (SiO2),946,E20,3.9017815405176157e-22,1.2727860851979482e-25,3.9039188989096258e-22,8.6457230681122581e-26,0.032610001775347328,99.967389998224661,0.032602779877252075,99.945250953020391,0.022146267102339218,2.3126958960531212e-16,46.850730348787465,23.22265625,22.371093749999996,26.140625,1.192323408829058e-10,3.1797696256600387,39.796875,39.76953125,39.839843750000007,3.3877765935091671e-10,46.850710466139944,23.22265625,22.371093749999996,26.148437499999996,1.1934823289106232e-10,0.0022462736578903715,16.57421875,72.547629421313218
openmp_silica_SiO2_seed946,silica_SiO2,Silica (SiO2),946,N10,5.0188737231233036e-24,0,5.0188737231233036e-24,0,0,100,0,100,0,0,5.4478607867653084,34.7265625,30.191406250000004,37.578125,1.023631412455883e-10,0,,,,0,5.4478607867653084,34.7265625,30.191406250000004,37.578125,1.023631412455883e-10,,,
openmp_silica_SiO2_seed3605,silica_SiO2,Silica (SiO2),3605,E01,2.2163832112991489e-24,3.8686962218884378e-34,2.2163836919383842e-24,4.8025236570240183e-31,1.7454996958515551e-08,99.999999982544992,1.7454993176316821e-08,99.999978314258612,2.1668286382417258e-05,8.3819542966338977e-18,5.6634387739912988,40.875000000000007,35.238281250000007,40.921875000000007,1.0515479956046128e-10,0.00013364887823676195,39.628906250000007,39.5703125,44.019531250000007,2.4131476365842233e-10,5.6634394705290116,40.875000000000007,35.238281250000007,40.921875000000007,1.0515485172126782e-10,0.044529840406871038,-1.24609375,99.999999803409978
openmp_silica_SiO2_seed3605,silica_SiO2,Silica (SiO2),3605,E20,9.7701078793385575e-25,8.6235443460904853e-25,1.794790201776904e-24,-4.4575020766000366e-26,46.88326298878544,53.116737011214553,48.04764555519013,54.435932788499819,-2.4835783436899512,4.1573851113347462e-17,1.9943625432508829,39.80078125,29.1796875,39.81640625,7.983224218711911e-11,7.2054895661680893,39.804687500000007,39.777343750000007,39.832031250000007,2.1498376026004787e-10,7.5063589359335596,39.804687500000007,31.1015625,39.824218750000007,1.7023935521831534e-10,0.087137499024564316,0.0039062500000071054,13.598045715236736
openmp_silica_SiO2_seed3605,silica_SiO2,Silica (SiO2),3605,N10,1.021787805712497e-24,1.386694992436603e-34,1.0217878060445692e-24,1.9340319270951098e-34,1.3571261904828297e-08,99.999999986428719,1.3571261902259547e-08,99.999999967500855,1.8927921390860184e-08,4.8636582336376218e-16,7.1767486171279726,20.50390625,20.2109375,20.51953125,5.6031982899534495e-11,9.4758153611641368e-05,53.613281250000007,53.52734375,57.17578125,3.5429243183677026e-10,7.1767486171615849,20.50390625,20.2109375,20.51953125,5.6031979828762471e-11,8.7041399795576821e-05,33.109375000000007,99.965488690259804
openmp_limestone_CaCO3_seed158,limestone_CaCO3,Calcite / limestone (CaCO3),158,E01,1.0008196337585972e-29,0,1.0008196337585972e-29,0,0,100,0,100,0,0,0.020893743073266479,28.51171875,27.44140625,40.84375,3.7392166228088177e-10,0,,,,0,0.020893743073266479,28.51171875,27.44140625,40.84375,3.7392166228088177e-10,,,
openmp_limestone_CaCO3_seed158,limestone_CaCO3,Calcite / limestone (CaCO3),158,E20,4.3242530939225007e-29,3.650008191834973e-27,3.6932752493162984e-27,2.4526542101005625e-32,98.829147160993628,1.1708528390063708,98.828490849975637,1.1708450635308074,0.00066408649356816815,1.4035905934953976e-16,0.037129555411063109,24.593749999999996,23.4765625,24.61328125,1.6892481074483103e-10,0.45230809952457152,40.0390625,39.8984375,40.0859375,2.7182717380850926e-10,0.45231307276331051,40.0390625,39.89453125,40.0859375,2.70838396785031e-10,0.00047291084970088186,15.445312500000004,3.4356196948091975e-06
openmp_limestone_CaCO3_seed158,limestone_CaCO3,Calcite / limestone (CaCO3),158,N10,7.4672094313862663e-31,1.4492396093667653e-44,7.4672094313937519e-31,7.3414943999075435e-43,1.940804824992956e-12,99.999999999998067,1.940804824991048e-12,99.999999999899757,9.8316438923519729e-11,1.1478541441247427e-16,0.0054925252871598903,36.253906250000007,20.375,36.265625,1.0119944646778227e-10,8.2944497386170292e-10,55.7578125,55.660156250000007,55.769531250000007,3.189850180644123e-10,0.0054925252871756251,36.253906250000007,20.375,36.265625,1.0119943594315501e-10,7.3850920889528064e-05,19.503906249999993,99.999996813025859
openmp_limestone_CaCO3_seed946,limestone_CaCO3,Calcite / limestone (CaCO3),946,E01,1.8995879764980944e-22,8.1178539361728543e-29,1.8995748997096876e-22,-1.3888573800692552e-27,4.2734796005551988e-05,99.999957265203989,4.2735108457231711e-05,100.00068840604331,-0.00073114115178165109,1.2973628076960549e-16,61.03371497326777,36.289062500000007,25.21484375,38.44140625,1.2154673350644283e-10,0.084315998758860713,39.8984375,39.87109375,39.91015625,9.8219277281195827e-12,61.033718040978592,36.289062500000007,25.21484375,38.44140625,1.2154715724239935e-10,0.013290963699678209,3.6093749999999929,99.993802174773137
openmp_limestone_CaCO3_seed946,limestone_CaCO3,Calcite / limestone (CaCO3),946,E20,5.3005651207988879e-22,1.0960932590682269e-25,5.3017779267868304e-22,1.167127288750588e-26,0.020674524735036091,99.979325475264957,0.02067406960842888,99.9771245419048,0.0022013884867824545,1.4877666079415383e-16,64.652321259458546,33.613281250000007,22.2109375,33.6484375,1.7149509675633623e-10,1.9643400031251605,39.796875,39.675781250000007,39.968750000000007,2.1799597276264468e-10,64.652073347434623,33.613281250000007,22.2109375,33.652343750000007,1.7151207639210573e-10,0.0034916907174280653,6.1835937499999929,91.002730786215167
openmp_limestone_CaCO3_seed946,limestone_CaCO3,Calcite / limestone (CaCO3),946,N10,4.96576728965524e-24,9.1999250431224589e-37,4.9657672877546545e-24,-1.9015055724201791e-33,1.8526693875257051e-11,99.999999999981483,1.8526693882351346e-11,100.00000003827375,-3.8292281176953279e-08,5.7224447113046606e-18,5.1911385630309033,36.964843750000007,29,37.738281250000007,1.5655759530926615e-10,8.8139483313161259e-06,20.867187499999996,20.839843749999996,20.88671875,4.3759370240673224e-11,5.1911385635566107,36.964843750000007,29,37.738281250000007,1.5655759487362455e-10,0.00049238289719304043,-16.097656250000011,99.999996837861403
openmp_limestone_CaCO3_seed3605,limestone_CaCO3,Calcite / limestone (CaCO3),3605,E01,1.2914597984636926e-21,1.1969302686778733e-31,1.2914596783108812e-21,-1.2027250484519195e-28,9.2680412506126593e-09,99.999999990731965,9.2680421137371928e-09,100.00000930364403,-9.3129121152662015e-06,2.8613566490973838e-16,50.216006206351231,24.7265625,24.7265625,35.726562500000007,1.048456232445076e-10,0.0028666519526647531,40.578125000000007,40.22265625,42.8359375,2.6474035264258699e-10,50.216006416624616,24.7265625,24.7265625,35.726562500000007,1.0484562486587445e-10,0.015173555278831519,15.851562500000007,99.999993856491315
openmp_limestone_CaCO3_seed3605,limestone_CaCO3,Calcite / limestone (CaCO3),3605,E20,5.5145393884506679e-21,1.3261265689610013e-25,5.5146927548278842e-21,2.0753720322809641e-26,0.002404724285859001,99.997595275714147,0.0024047152360392749,99.997218949739647,0.00037633502436995462,4.754000671591536e-16,121.62567472247669,22.04296875,22.015624999999996,27.26953125,1.603304390925764e-10,2.5140895887424968,39.80078125,39.66796875,39.921875,8.5888291584340317e-10,121.62589527530974,22.04296875,22.015624999999996,27.273437499999996,1.6038926750253287e-10,0.0011214204951228099,17.7578125,88.479576689413804
openmp_limestone_CaCO3_seed3605,limestone_CaCO3,Calcite / limestone (CaCO3),3605,N10,7.8160089986707659e-23,4.5677257231524669e-33,7.8160090043051478e-23,5.1776062266212557e-32,5.8440640532301575e-09,99.999999994155942,5.8440640493588356e-09,99.999999927912299,6.6243606216028799e-08,3.933482658961688e-16,16.197623365697748,31.02734375,26.789062499999996,37.6328125,1.2203629858730671e-10,0.00031504458597277632,54.75,53.49609375,54.87890625,5.9007796197193458e-10,16.197623381117044,31.02734375,26.789062499999996,37.6328125,1.2203629851062996e-10,0.00015638851859865006,23.72265625,99.997702072389799
openmp_granite_H_C_O_Na_Mg_Al_Si_K_Ca_Fe_seed158,granite_H_C_O_Na_Mg_Al_Si_K_Ca_Fe,"Granite (H, C, O, Na, Mg, Al, Si, K, Ca, Fe)",158,E01,1.2035878889138194e-31,0,1.2035878889138194e-31,0,0,100,0,100,0,0,0.0017073793585085856,23.640625,23.2578125,40.5625,9.4033860171661163e-11,0,,,,0,0.0017073793585085856,23.640625,23.2578125,40.5625,9.4033860171661163e-11,,,
openmp_granite_H_C_O_Na_Mg_Al_Si_K_Ca_Fe_seed158,granite_H_C_O_Na_Mg_Al_Si_K_Ca_Fe,"Granite (H, C, O, Na, Mg, Al, Si, K, Ca, Fe)",158,E20,2.7963415018749458e-28,2.5466824621317796e-26,2.5746261608327507e-26,-1.9716317778050422e-31,98.913892769995314,1.0861072300046859,98.914650246079503,1.086115547342408,-0.00076579342189521111,9.819698143229831e-17,0.11699858343120499,21.5625,21.53515625,21.61328125,3.1192846790484612e-11,0.94959756372045279,39.8828125,39.87109375,41.742187500000007,3.5754109546723375e-10,0.949606847747131,39.8828125,39.87109375,41.742187500000007,3.5560438120053521e-10,0.00011248608989905361,18.3203125,2.7245870440606871e-06
openmp_granite_H_C_O_Na_Mg_Al_Si_K_Ca_Fe_seed158,granite_H_C_O_Na_Mg_Al_Si_K_Ca_Fe,"Granite (H, C, O, Na, Mg, Al, Si, K, Ca, Fe)",158,N10,4.2309142800987546e-29,2.2355274265227399e-29,6.4665229146470814e-29,8.120802558470896e-34,34.571214401169179,65.428785598830828,34.570780248209275,65.427963929664074,0.0012558221266140985,3.2695527784837656e-16,0.035698038645368302,21.1015625,19.9296875,21.44921875,5.4122017312596327e-11,0.039393244225533953,56.750000000000007,55.57421875,56.8828125,5.5671031000392804e-10,0.039394191348485458,56.750000000000007,20.03515625,56.76171875,3.3024404150763535e-10,9.4455123216852116e-05,35.648437500000007,3.6492683008594346e-05
openmp_granite_H_C_O_Na_Mg_Al_Si_K_Ca_Fe_seed946,granite_H_C_O_Na_Mg_Al_Si_K_Ca_Fe,"Granite (H, C, O, Na, Mg, Al, Si, K, Ca, Fe)",946,E01,2.2947956346558289e-31,3.6317058930099059e-32,2.6578430571907947e-31,-1.231667660233825e-35,13.66347645909328,86.336523540906725,13.664109636512681,86.340524450729291,-0.004634087241914258,5.3399119442595973e-16,0.0027991816447136262,25.6953125,25.46484375,25.714843749999996,2.1235958051886775e-10,0.0017801740557943627,23.5625,23.53515625,23.58984375,5.8179671631250261e-11,0.0027991290007637944,25.6953125,23.5546875,25.7109375,1.9847472521002886e-10,0.0026569650088683057,-2.1328125,0.0082173803146281654
openmp_granite_H_C_O_Na_Mg_Al_Si_K_Ca_Fe_seed946,granite_H_C_O_Na_Mg_Al_Si_K_Ca_Fe,"Granite (H, C, O, Na, Mg, Al, Si, K, Ca, Fe)",946,E20,1.5611982062918096e-30,3.1387265329050736e-37,1.5611986161156855e-30,9.5951222926032404e-38,2.0104595875317814e-05,99.999979895404124,2.0104594639689921e-05,99.999973749408198,6.1459971803435401e-06,2.2254082596106763e-16,0.0090240279443342727,22.472656249999996,22.3515625,22.484375,5.8503730928775077e-11,3.1749520360016345e-06,41.14453125,41.132812500000007,41.5234375,4.1707159951501199e-10,0.0090240283122702825,22.472656249999996,22.3515625,22.484375,5.8504141529058565e-11,0.00016643902157204927,18.671875000000004,87.933569532879034
openmp_granite_H_C_O_Na_Mg_Al_Si_K_Ca_Fe_seed946,granite_H_C_O_Na_Mg_Al_Si_K_Ca_Fe,"Granite (H, C, O, Na, Mg, Al, Si, K, Ca, Fe)",946,N10,1.6462285999127598e-32,0,1.6462285999127598e-32,0,0,99.999999999999986,0,99.999999999999986,0,0,0.00072019197608004298,30.988281250000004,22.046875,31.007812500000004,1.1399405357807108e-10,0,,,,0,0.00072019197608004298,30.988281250000004,22.046875,31.007812500000004,1.1399405357807108e-10,,,
openmp_granite_H_C_O_Na_Mg_Al_Si_K_Ca_Fe_seed3605,granite_H_C_O_Na_Mg_Al_Si_K_Ca_Fe,"Granite (H, C, O, Na, Mg, Al, Si, K, Ca, Fe)",3605,E01,7.3620835980107865e-22,4.5707275772104157e-32,7.362083348015119e-22,-2.5045274219736974e-29,6.2084700833357023e-09,99.999999993791533,6.2084702945433553e-09,100.00000339571906,-3.4019275571621173e-06,2.7020263899424031e-16,33.559826458413951,32.230468750000007,24.09765625,38.875,1.312135179176777e-10,0.00095748808908630771,40.800781250000007,38.605468750000007,43.859375,5.2316934340363328e-10,33.559826064169791,32.230468750000007,24.09765625,38.875,1.3121352301068423e-10,0.053927930597279579,8.5703125,99.999999845863641
openmp_granite_H_C_O_Na_Mg_Al_Si_K_Ca_Fe_seed3605,granite_H_C_O_Na_Mg_Al_Si_K_Ca_Fe,"Granite (H, C, O, Na, Mg, Al, Si, K, Ca, Fe)",3605,E20,2.5177467745191709e-21,7.2091067336635311e-25,2.5190340539296652e-21,5.6636873712776265e-25,0.02862497214496677,99.971375027855032,0.028618536229859239,99.94889789566416,0.022483568105966401,6.5257370326679249e-17,102.24737814559433,23.1953125,21.76171875,30,1.2457195704373637e-10,7.9951462636274835,39.80078125,39.78125,39.851562500000007,1.8863902643478761e-10,102.24737939242503,23.1953125,21.76171875,30,1.2460939699714331e-10,0.0025108909493901741,16.60546875,71.820272246861975
openmp_granite_H_C_O_Na_Mg_Al_Si_K_Ca_Fe_seed3605,granite_H_C_O_Na_Mg_Al_Si_K_Ca_Fe,"Granite (H, C, O, Na, Mg, Al, Si, K, Ca, Fe)",3605,N10,3.583024599401195e-23,1.3126884793545233e-28,3.5830377722753964e-23,4.5989407051274723e-31,0.00036636189167765077,99.999633638108335,0.00036636188697528158,99.999632354581834,1.2835311814775902e-06,2.2083780250142723e-16,13.121410178387926,21.914062499999996,20.71875,38.335937500000007,1.4000961862389693e-10,0.10332915780774389,53.9765625,53.953125000000007,54.00390625,3.9136048145418481e-10,13.121410970416514,21.914062499999996,20.71875,38.335937500000007,1.4001144423492526e-10,0.00023347908343175389,32.0625,13.290104418949554
