material,process,Z,A,energy_MeV,fraction,density_scale,native,portable,relative_error
S0_SILICA_TRANSPORT_PROXY,brems,14,28,1000,0.01,0.5,0.99997861576586766,0.99997861576586766,0
S0_SILICA_TRANSPORT_PROXY,brems,14,28,1000,0.01,1,0.99995659910259338,0.99995659910259338,0
S0_SILICA_TRANSPORT_PROXY,brems,14,28,1000,0.01,2,0.99991066928884054,0.99991066928884054,0
S0_SILICA_TRANSPORT_PROXY,brems,14,28,1000,0.10000000000000001,0.5,0.99999978612167562,0.99999978612167562,0
S0_SILICA_TRANSPORT_PROXY,brems,14,28,1000,0.10000000000000001,1,0.99999956699587034,0.99999956699587034,0
S0_SILICA_TRANSPORT_PROXY,brems,14,28,1000,0.10000000000000001,2,0.99999911300188449,0.99999911300188449,0
S0_SILICA_TRANSPORT_PROXY,brems,14,28,1000,0.5,0.5,0.99999999077217672,0.99999999077217672,0
S0_SILICA_TRANSPORT_PROXY,brems,14,28,1000,0.5,1,0.99999998147482094,0.99999998147482094,0
S0_SILICA_TRANSPORT_PROXY,brems,14,28,1000,0.5,2,0.99999996267150915,0.99999996267150915,0
S0_SILICA_TRANSPORT_PROXY,brems,14,28,1000,0.90000000000000002,0.5,0.99999999665415784,0.99999999665415784,0
S0_SILICA_TRANSPORT_PROXY,brems,14,28,1000,0.90000000000000002,1,0.99999999330732736,0.99999999330732736,0
S0_SILICA_TRANSPORT_PROXY,brems,14,28,1000,0.90000000000000002,2,0.99999998661070166,0.99999998661070166,0
S0_SILICA_TRANSPORT_PROXY,brems,14,28,1000,0.98999999999999999,0.5,0.99999999714358911,0.99999999714358911,0
S0_SILICA_TRANSPORT_PROXY,brems,14,28,1000,0.98999999999999999,1,0.99999999428716979,0.99999999428716979,0
S0_SILICA_TRANSPORT_PROXY,brems,14,28,1000,0.98999999999999999,2,0.99999998857430572,0.99999998857430572,0
S0_SILICA_TRANSPORT_PROXY,brems,14,28,1000000,0.01,0.5,0.99158486323081363,0.99158486323081363,0
S0_SILICA_TRANSPORT_PROXY,brems,14,28,1000000,0.01,1,0.92485069912361317,0.92485069912361317,0
S0_SILICA_TRANSPORT_PROXY,brems,14,28,1000000,0.01,2,0.81875985934523832,0.81875985934523832,0
S0_SILICA_TRANSPORT_PROXY,brems,14,28,1000000,0.10000000000000001,0.5,0.99746563581030412,0.99746563581030412,0
S0_SILICA_TRANSPORT_PROXY,brems,14,28,1000000,0.10000000000000001,1,0.99160350308391032,0.99160350308391032,0
S0_SILICA_TRANSPORT_PROXY,brems,14,28,1000000,0.10000000000000001,2,1.0112530576521237,1.0112530576521237,0
S0_SILICA_TRANSPORT_PROXY,brems,14,28,1000000,0.5,0.5,0.99996522413442901,0.99996522413442901,0
S0_SILICA_TRANSPORT_PROXY,brems,14,28,1000000,0.5,1,0.99986091492986984,0.99986091492986984,0
S0_SILICA_TRANSPORT_PROXY,brems,14,28,1000000,0.5,2,0.99944369654003418,0.99944369654003418,0
S0_SILICA_TRANSPORT_PROXY,brems,14,28,1000000,0.90000000000000002,0.5,0.99999950249726244,0.99999950249726244,0
S0_SILICA_TRANSPORT_PROXY,brems,14,28,1000000,0.90000000000000002,1,0.9999980166797735,0.9999980166797735,0
S0_SILICA_TRANSPORT_PROXY,brems,14,28,1000000,0.90000000000000002,2,0.99999208010070817,0.99999208010070817,0
S0_SILICA_TRANSPORT_PROXY,brems,14,28,1000000,0.98999999999999999,0.5,0.99999999294247721,0.99999999294247721,0
S0_SILICA_TRANSPORT_PROXY,brems,14,28,1000000,0.98999999999999999,1,0.99999997748272274,0.99999997748272274,0
S0_SILICA_TRANSPORT_PROXY,brems,14,28,1000000,0.98999999999999999,2,0.99999992135651961,0.99999992135651961,0
S0_SILICA_TRANSPORT_PROXY,brems,14,28,1000000000,0.01,0.5,0.099827035447215995,0.099827035447215995,0
S0_SILICA_TRANSPORT_PROXY,brems,14,28,1000000000,0.01,1,0.072322671516467457,0.072322671516467457,0
S0_SILICA_TRANSPORT_PROXY,brems,14,28,1000000000,0.01,2,0.052209401499274478,0.052209401499274478,0
S0_SILICA_TRANSPORT_PROXY,brems,14,28,1000000000,0.10000000000000001,0.5,0.28826623974036059,0.28826623974036059,0
S0_SILICA_TRANSPORT_PROXY,brems,14,28,1000000000,0.10000000000000001,1,0.21454377568190008,0.21454377568190008,0
S0_SILICA_TRANSPORT_PROXY,brems,14,28,1000000000,0.10000000000000001,2,0.15790344138165827,0.15790344138165827,0
S0_SILICA_TRANSPORT_PROXY,brems,14,28,1000000000,0.5,0.5,0.61808833426748533,0.61808833426748533,0
S0_SILICA_TRANSPORT_PROXY,brems,14,28,1000000000,0.5,1,0.48830123856595836,0.48830123856595836,0
S0_SILICA_TRANSPORT_PROXY,brems,14,28,1000000000,0.5,2,0.37497965619662482,0.37497965619662482,0
S0_SILICA_TRANSPORT_PROXY,brems,14,28,1000000000,0.90000000000000002,0.5,0.95409619097615284,0.95409619097615284,0
S0_SILICA_TRANSPORT_PROXY,brems,14,28,1000000000,0.90000000000000002,1,0.85833066810097769,0.85833066810097769,0
S0_SILICA_TRANSPORT_PROXY,brems,14,28,1000000000,0.90000000000000002,2,0.72645231067559179,0.72645231067559179,0
S0_SILICA_TRANSPORT_PROXY,brems,14,28,1000000000,0.98999999999999999,0.5,0.99594219993304123,0.99594219993304123,0
S0_SILICA_TRANSPORT_PROXY,brems,14,28,1000000000,0.98999999999999999,1,0.98805842822178891,0.98805842822178891,0
S0_SILICA_TRANSPORT_PROXY,brems,14,28,1000000000,0.98999999999999999,2,1.003145133489808,1.003145133489808,0
S0_SILICA_TRANSPORT_PROXY,brems,14,28,100000000000,0.01,0.5,0.011212797853779819,0.011212797853779819,0
S0_SILICA_TRANSPORT_PROXY,brems,14,28,100000000000,0.01,1,0.0080282127486483636,0.0080282127486483636,0
S0_SILICA_TRANSPORT_PROXY,brems,14,28,100000000000,0.01,2,0.0057448849267146785,0.0057448849267146785,0
S0_SILICA_TRANSPORT_PROXY,brems,14,28,100000000000,0.10000000000000001,0.5,0.035280202512771162,0.035280202512771162,0
S0_SILICA_TRANSPORT_PROXY,brems,14,28,100000000000,0.10000000000000001,1,0.025346570127594795,0.025346570127594795,0
S0_SILICA_TRANSPORT_PROXY,brems,14,28,100000000000,0.10000000000000001,2,0.018185644211116944,0.018185644211116944,0
S0_SILICA_TRANSPORT_PROXY,brems,14,28,100000000000,0.5,0.5,0.090949195213637951,0.090949195213637951,0
S0_SILICA_TRANSPORT_PROXY,brems,14,28,100000000000,0.5,1,0.06575541407740719,0.06575541407740719,0
S0_SILICA_TRANSPORT_PROXY,brems,14,28,100000000000,0.5,2,0.047399101131483726,0.047399101131483726,0
S0_SILICA_TRANSPORT_PROXY,brems,14,28,100000000000,0.90000000000000002,0.5,0.20379241994487812,0.20379241994487812,0
S0_SILICA_TRANSPORT_PROXY,brems,14,28,100000000000,0.90000000000000002,1,0.14800762517164462,0.14800762517164462,0
S0_SILICA_TRANSPORT_PROXY,brems,14,28,100000000000,0.90000000000000002,2,0.10696108207772762,0.10696108207772762,0
S0_SILICA_TRANSPORT_PROXY,brems,14,28,100000000000,0.98999999999999999,0.5,0.54478078615936876,0.54478078615936876,0
S0_SILICA_TRANSPORT_PROXY,brems,14,28,100000000000,0.98999999999999999,1,0.41491826558933043,0.41491826558933043,0
S0_SILICA_TRANSPORT_PROXY,brems,14,28,100000000000,0.98999999999999999,2,0.30826579084840072,0.30826579084840072,0
S0_SILICA_TRANSPORT_PROXY,brems,8,16,1000,0.01,0.5,0.99997861576586766,0.99997861576586766,0
S0_SILICA_TRANSPORT_PROXY,brems,8,16,1000,0.01,1,0.99995659910259338,0.99995659910259338,0
S0_SILICA_TRANSPORT_PROXY,brems,8,16,1000,0.01,2,0.99991066928884054,0.99991066928884054,0
S0_SILICA_TRANSPORT_PROXY,brems,8,16,1000,0.10000000000000001,0.5,0.99999978612167562,0.99999978612167562,0
S0_SILICA_TRANSPORT_PROXY,brems,8,16,1000,0.10000000000000001,1,0.99999956699587034,0.99999956699587034,0
S0_SILICA_TRANSPORT_PROXY,brems,8,16,1000,0.10000000000000001,2,0.99999911300188449,0.99999911300188449,0
S0_SILICA_TRANSPORT_PROXY,brems,8,16,1000,0.5,0.5,0.99999999077217672,0.99999999077217672,0
S0_SILICA_TRANSPORT_PROXY,brems,8,16,1000,0.5,1,0.99999998147482094,0.99999998147482094,0
S0_SILICA_TRANSPORT_PROXY,brems,8,16,1000,0.5,2,0.99999996267150915,0.99999996267150915,0
S0_SILICA_TRANSPORT_PROXY,brems,8,16,1000,0.90000000000000002,0.5,0.99999999665415784,0.99999999665415784,0
S0_SILICA_TRANSPORT_PROXY,brems,8,16,1000,0.90000000000000002,1,0.99999999330732736,0.99999999330732736,0
S0_SILICA_TRANSPORT_PROXY,brems,8,16,1000,0.90000000000000002,2,0.99999998661070166,0.99999998661070166,0
S0_SILICA_TRANSPORT_PROXY,brems,8,16,1000,0.98999999999999999,0.5,0.99999999714358911,0.99999999714358911,0
S0_SILICA_TRANSPORT_PROXY,brems,8,16,1000,0.98999999999999999,1,0.99999999428716979,0.99999999428716979,0
S0_SILICA_TRANSPORT_PROXY,brems,8,16,1000,0.98999999999999999,2,0.99999998857430572,0.99999998857430572,0
S0_SILICA_TRANSPORT_PROXY,brems,8,16,1000000,0.01,0.5,0.98771594168981336,0.98771594168981358,2.2480613661570645e-16
S0_SILICA_TRANSPORT_PROXY,brems,8,16,1000000,0.01,1,0.92029999537260432,0.92029999537260432,0
S0_SILICA_TRANSPORT_PROXY,brems,8,16,1000000,0.01,2,0.81415929590134994,0.81415929590134994,0
S0_SILICA_TRANSPORT_PROXY,brems,8,16,1000000,0.10000000000000001,0.5,0.99746563581030412,0.99746563581030412,0
S0_SILICA_TRANSPORT_PROXY,brems,8,16,1000000,0.10000000000000001,1,0.99160350308391032,0.99160350308391032,0
S0_SILICA_TRANSPORT_PROXY,brems,8,16,1000000,0.10000000000000001,2,1.009513657820476,1.009513657820476,0
S0_SILICA_TRANSPORT_PROXY,brems,8,16,1000000,0.5,0.5,0.99996522413442901,0.99996522413442901,0
S0_SILICA_TRANSPORT_PROXY,brems,8,16,1000000,0.5,1,0.99986091492986984,0.99986091492986984,0
S0_SILICA_TRANSPORT_PROXY,brems,8,16,1000000,0.5,2,0.99944369654003418,0.99944369654003418,0
S0_SILICA_TRANSPORT_PROXY,brems,8,16,1000000,0.90000000000000002,0.5,0.99999950249726244,0.99999950249726244,0
S0_SILICA_TRANSPORT_PROXY,brems,8,16,1000000,0.90000000000000002,1,0.9999980166797735,0.9999980166797735,0
S0_SILICA_TRANSPORT_PROXY,brems,8,16,1000000,0.90000000000000002,2,0.99999208010070817,0.99999208010070817,0
S0_SILICA_TRANSPORT_PROXY,brems,8,16,1000000,0.98999999999999999,0.5,0.99999999294247721,0.99999999294247721,0
S0_SILICA_TRANSPORT_PROXY,brems,8,16,1000000,0.98999999999999999,1,0.99999997748272274,0.99999997748272274,0
S0_SILICA_TRANSPORT_PROXY,brems,8,16,1000000,0.98999999999999999,2,0.99999992135651961,0.99999992135651961,0
S0_SILICA_TRANSPORT_PROXY,brems,8,16,1000000000,0.01,0.5,0.098988178788028042,0.098988178788028056,1.4019641514500602e-16
S0_SILICA_TRANSPORT_PROXY,brems,8,16,1000000000,0.01,1,0.071690876800340322,0.07169087680034035,3.8715631408621793e-16
S0_SILICA_TRANSPORT_PROXY,brems,8,16,1000000000,0.01,2,0.051736103557737327,0.051736103557737327,0
S0_SILICA_TRANSPORT_PROXY,brems,8,16,1000000000,0.10000000000000001,0.5,0.28617035696097659,0.28617035696097665,1.9397938983186705e-16
S0_SILICA_TRANSPORT_PROXY,brems,8,16,1000000000,0.10000000000000001,1,0.21291541543373818,0.21291541543373818,0
S0_SILICA_TRANSPORT_PROXY,brems,8,16,1000000000,0.10000000000000001,2,0.15665338472828816,0.15665338472828819,1.7717826948821021e-16
S0_SILICA_TRANSPORT_PROXY,brems,8,16,1000000000,0.5,0.5,0.61432569172300677,0.61432569172300677,0
S0_SILICA_TRANSPORT_PROXY,brems,8,16,1000000000,0.5,1,0.4851590121713707,0.48515901217137075,1.1441846866414563e-16
S0_SILICA_TRANSPORT_PROXY,brems,8,16,1000000000,0.5,2,0.37244341451744711,0.37244341451744711,0
S0_SILICA_TRANSPORT_PROXY,brems,8,16,1000000000,0.90000000000000002,0.5,0.95032193687524358,0.95032193687524358,0
S0_SILICA_TRANSPORT_PROXY,brems,8,16,1000000000,0.90000000000000002,1,0.85422973205798547,0.85422973205798569,2.5993546769917255e-16
S0_SILICA_TRANSPORT_PROXY,brems,8,16,1000000000,0.90000000000000002,2,0.72260740726250439,0.72260740726250439,0
S0_SILICA_TRANSPORT_PROXY,brems,8,16,1000000000,0.98999999999999999,0.5,0.99594219993304123,0.99594219993304123,0
S0_SILICA_TRANSPORT_PROXY,brems,8,16,1000000000,0.98999999999999999,1,0.98792326475530934,0.98792326475530934,0
S0_SILICA_TRANSPORT_PROXY,brems,8,16,1000000000,0.98999999999999999,2,1.001159092364678,1.001159092364678,0
S0_SILICA_TRANSPORT_PROXY,brems,8,16,100000000000,0.01,0.5,0.011095075750853414,0.011095075750853414,0
S0_SILICA_TRANSPORT_PROXY,brems,8,16,100000000000,0.01,1,0.0079416595009172922,0.0079416595009172922,0
S0_SILICA_TRANSPORT_PROXY,brems,8,16,100000000000,0.01,2,0.0056813831324943253,0.0056813831324943262,1.5266735542399541e-16
S0_SILICA_TRANSPORT_PROXY,brems,8,16,100000000000,0.10000000000000001,0.5,0.03494688380163944,0.034946883801639447,1.9855544040186233e-16
S0_SILICA_TRANSPORT_PROXY,brems,8,16,100000000000,0.10000000000000001,1,0.025099114620342783,0.025099114620342786,1.3822985409778696e-16
S0_SILICA_TRANSPORT_PROXY,brems,8,16,100000000000,0.10000000000000001,2,0.018002531464262225,0.018002531464262225,0
S0_SILICA_TRANSPORT_PROXY,brems,8,16,100000000000,0.5,0.5,0.090189320083351635,0.090189320083351635,0
S0_SILICA_TRANSPORT_PROXY,brems,8,16,100000000000,0.5,1,0.065183287771736584,0.065183287771736584,0
S0_SILICA_TRANSPORT_PROXY,brems,8,16,100000000000,0.5,2,0.046970583394774425,0.046970583394774432,1.4772850159402523e-16
S0_SILICA_TRANSPORT_PROXY,brems,8,16,100000000000,0.90000000000000002,0.5,0.20237934754221387,0.2023793475422139,1.3714628470100902e-16
S0_SILICA_TRANSPORT_PROXY,brems,8,16,100000000000,0.90000000000000002,1,0.14692219781611826,0.14692219781611826,0
S0_SILICA_TRANSPORT_PROXY,brems,8,16,100000000000,0.90000000000000002,2,0.10613360481949927,0.10613360481949928,1.3075771647836066e-16
S0_SILICA_TRANSPORT_PROXY,brems,8,16,100000000000,0.98999999999999999,0.5,0.54171890196158412,0.54171890196158412,0
S0_SILICA_TRANSPORT_PROXY,brems,8,16,100000000000,0.98999999999999999,1,0.41245651800016847,0.41245651800016847,0
S0_SILICA_TRANSPORT_PROXY,brems,8,16,100000000000,0.98999999999999999,2,0.30633052048031156,0.30633052048031156,0
S0_SILICA_TRANSPORT_PROXY,pair,14,28,1000,0.01,0.5,0.9999718169125219,0.9999718169125219,0
S0_SILICA_TRANSPORT_PROXY,pair,14,28,1000,0.01,1,0.99994363531229324,0.99994363531229324,0
S0_SILICA_TRANSPORT_PROXY,pair,14,28,1000,0.01,2,0.99988727657313259,0.99988727657313259,0
S0_SILICA_TRANSPORT_PROXY,pair,14,28,1000,0.10000000000000001,0.5,0.99999970952470318,0.99999970952470318,0
S0_SILICA_TRANSPORT_PROXY,pair,14,28,1000,0.10000000000000001,1,0.99999941904890366,0.99999941904890366,0
S0_SILICA_TRANSPORT_PROXY,pair,14,28,1000,0.10000000000000001,2,0.99999883809579804,0.99999883809579804,0
S0_SILICA_TRANSPORT_PROXY,pair,14,28,1000,0.5,0.5,0.99999998735681206,0.99999998735681206,0
S0_SILICA_TRANSPORT_PROXY,pair,14,28,1000,0.5,1,0.99999997470815405,0.99999997470815405,0
S0_SILICA_TRANSPORT_PROXY,pair,14,28,1000,0.5,2,0.9999999493944266,0.9999999493944266,0
S0_SILICA_TRANSPORT_PROXY,pair,14,28,1000,0.90000000000000002,0.5,0.9999999964135593,0.9999999964135593,0
S0_SILICA_TRANSPORT_PROXY,pair,14,28,1000,0.90000000000000002,1,0.99999999282645979,0.99999999282645979,0
S0_SILICA_TRANSPORT_PROXY,pair,14,28,1000,0.90000000000000002,2,0.99999998565028603,0.99999998565028603,0
S0_SILICA_TRANSPORT_PROXY,pair,14,28,1000,0.98999999999999999,0.5,0.99999999712438847,0.99999999712438847,0
S0_SILICA_TRANSPORT_PROXY,pair,14,28,1000,0.98999999999999999,1,0.99999999424876906,0.99999999424876906,0
S0_SILICA_TRANSPORT_PROXY,pair,14,28,1000,0.98999999999999999,2,0.99999998849750704,0.99999998849750704,0
S0_SILICA_TRANSPORT_PROXY,pair,14,28,1000000,0.01,0.5,0.99997181303281046,0.99997181303281046,0
S0_SILICA_TRANSPORT_PROXY,pair,14,28,1000000,0.01,1,0.99994361979524049,0.99994361979524049,0
S0_SILICA_TRANSPORT_PROXY,pair,14,28,1000000,0.01,2,0.99988721451925811,0.99988721451925811,0
S0_SILICA_TRANSPORT_PROXY,pair,14,28,1000000,0.10000000000000001,0.5,0.99999938030195046,0.99999938030195046,0
S0_SILICA_TRANSPORT_PROXY,pair,14,28,1000000,0.10000000000000001,1,0.99999810215942697,0.99999810215942697,0
S0_SILICA_TRANSPORT_PROXY,pair,14,28,1000000,0.10000000000000001,2,0.99999357055015992,0.99999357055015992,0
S0_SILICA_TRANSPORT_PROXY,pair,14,28,1000000,0.5,0.5,0.9999972520221857,0.9999972520221857,0
S0_SILICA_TRANSPORT_PROXY,pair,14,28,1000000,0.5,1,0.99998903337016942,0.99998903337016942,0
S0_SILICA_TRANSPORT_PROXY,pair,14,28,1000000,0.5,2,0.99995618404665398,0.99995618404665398,0
S0_SILICA_TRANSPORT_PROXY,pair,14,28,1000000,0.90000000000000002,0.5,0.99999966719042777,0.99999966719042777,0
S0_SILICA_TRANSPORT_PROXY,pair,14,28,1000000,0.90000000000000002,1,0.99999867593395375,0.99999867593395375,0
S0_SILICA_TRANSPORT_PROXY,pair,14,28,1000000,0.90000000000000002,2,0.99999471808041307,0.99999471808041307,0
S0_SILICA_TRANSPORT_PROXY,pair,14,28,1000000,0.98999999999999999,0.5,0.99999999324422884,0.99999999324422884,0
S0_SILICA_TRANSPORT_PROXY,pair,14,28,1000000,0.98999999999999999,1,0.99999997872813118,0.99999997872813118,0
S0_SILICA_TRANSPORT_PROXY,pair,14,28,1000000,0.98999999999999999,2,0.99999992641495694,0.99999992641495694,0
S0_SILICA_TRANSPORT_PROXY,pair,14,28,1000000000,0.01,0.5,0.99620011726075675,0.99620011726075675,0
S0_SILICA_TRANSPORT_PROXY,pair,14,28,1000000000,0.01,1,0.98646210911298349,0.98646210911298349,0
S0_SILICA_TRANSPORT_PROXY,pair,14,28,1000000000,0.01,2,1.0028953040172754,1.0028953040172754,0
S0_SILICA_TRANSPORT_PROXY,pair,14,28,1000000000,0.10000000000000001,0.5,0.96758254647636088,0.96758254647636088,0
S0_SILICA_TRANSPORT_PROXY,pair,14,28,1000000000,0.10000000000000001,1,0.88154713415473684,0.88154713415473684,0
S0_SILICA_TRANSPORT_PROXY,pair,14,28,1000000000,0.10000000000000001,2,0.75214441247427299,0.75214441247427299,0
S0_SILICA_TRANSPORT_PROXY,pair,14,28,1000000000,0.5,0.5,0.80123300235802986,0.80123300235802986,0
S0_SILICA_TRANSPORT_PROXY,pair,14,28,1000000000,0.5,1,0.65139880107966674,0.65139880107966674,0
S0_SILICA_TRANSPORT_PROXY,pair,14,28,1000000000,0.5,2,0.50019236167149228,0.50019236167149228,0
S0_SILICA_TRANSPORT_PROXY,pair,14,28,1000000000,0.90000000000000002,0.5,0.96758276482654337,0.96758276482654337,0
S0_SILICA_TRANSPORT_PROXY,pair,14,28,1000000000,0.90000000000000002,1,0.8815474605858592,0.8815474605858592,0
S0_SILICA_TRANSPORT_PROXY,pair,14,28,1000000000,0.90000000000000002,2,0.75214484193353226,0.75214484193353226,0
S0_SILICA_TRANSPORT_PROXY,pair,14,28,1000000000,0.98999999999999999,0.5,0.99622788261701112,0.99622788261701112,0
S0_SILICA_TRANSPORT_PROXY,pair,14,28,1000000000,0.98999999999999999,1,0.98651544045556105,0.98651544045556105,0
S0_SILICA_TRANSPORT_PROXY,pair,14,28,1000000000,0.98999999999999999,2,1.0029981248415882,1.0029981248415882,0
S0_SILICA_TRANSPORT_PROXY,pair,14,28,100000000000,0.01,0.5,0.55071127988319879,0.55071127988319879,0
S0_SILICA_TRANSPORT_PROXY,pair,14,28,100000000000,0.01,1,0.41957661827437503,0.41957661827437503,0
S0_SILICA_TRANSPORT_PROXY,pair,14,28,100000000000,0.01,2,0.31164201624970284,0.31164201624970284,0
S0_SILICA_TRANSPORT_PROXY,pair,14,28,100000000000,0.10000000000000001,0.5,0.20555817208233593,0.20555817208233593,0
S0_SILICA_TRANSPORT_PROXY,pair,14,28,100000000000,0.10000000000000001,1,0.14804891936326656,0.14804891936326656,0
S0_SILICA_TRANSPORT_PROXY,pair,14,28,100000000000,0.10000000000000001,2,0.10625605536484729,0.10625605536484729,0
S0_SILICA_TRANSPORT_PROXY,pair,14,28,100000000000,0.5,0.5,0.10686703366012207,0.10686703366012207,0
S0_SILICA_TRANSPORT_PROXY,pair,14,28,100000000000,0.5,1,0.075653773595885598,0.075653773595885598,0
S0_SILICA_TRANSPORT_PROXY,pair,14,28,100000000000,0.5,2,0.053662389533455521,0.053662389533455521,0
S0_SILICA_TRANSPORT_PROXY,pair,14,28,100000000000,0.90000000000000002,0.5,0.20555817783940142,0.20555817783940142,0
S0_SILICA_TRANSPORT_PROXY,pair,14,28,100000000000,0.90000000000000002,1,0.14804892505354966,0.14804892505354966,0
S0_SILICA_TRANSPORT_PROXY,pair,14,28,100000000000,0.90000000000000002,2,0.10625606097956888,0.10625606097956888,0
S0_SILICA_TRANSPORT_PROXY,pair,14,28,100000000000,0.98999999999999999,0.5,0.55071616004115098,0.55071616004115098,0
S0_SILICA_TRANSPORT_PROXY,pair,14,28,100000000000,0.98999999999999999,1,0.41958185743680898,0.41958185743680898,0
S0_SILICA_TRANSPORT_PROXY,pair,14,28,100000000000,0.98999999999999999,2,0.31164741879947611,0.31164741879947611,0
S0_SILICA_TRANSPORT_PROXY,pair,8,16,1000,0.01,0.5,0.9999718169125219,0.9999718169125219,0
S0_SILICA_TRANSPORT_PROXY,pair,8,16,1000,0.01,1,0.99994363531229324,0.99994363531229324,0
S0_SILICA_TRANSPORT_PROXY,pair,8,16,1000,0.01,2,0.99988727657313259,0.99988727657313259,0
S0_SILICA_TRANSPORT_PROXY,pair,8,16,1000,0.10000000000000001,0.5,0.99999970952470318,0.99999970952470318,0
S0_SILICA_TRANSPORT_PROXY,pair,8,16,1000,0.10000000000000001,1,0.99999941904890366,0.99999941904890366,0
S0_SILICA_TRANSPORT_PROXY,pair,8,16,1000,0.10000000000000001,2,0.99999883809579804,0.99999883809579804,0
S0_SILICA_TRANSPORT_PROXY,pair,8,16,1000,0.5,0.5,0.99999998735681206,0.99999998735681206,0
S0_SILICA_TRANSPORT_PROXY,pair,8,16,1000,0.5,1,0.99999997470815405,0.99999997470815405,0
S0_SILICA_TRANSPORT_PROXY,pair,8,16,1000,0.5,2,0.9999999493944266,0.9999999493944266,0
S0_SILICA_TRANSPORT_PROXY,pair,8,16,1000,0.90000000000000002,0.5,0.9999999964135593,0.9999999964135593,0
S0_SILICA_TRANSPORT_PROXY,pair,8,16,1000,0.90000000000000002,1,0.99999999282645979,0.99999999282645979,0
S0_SILICA_TRANSPORT_PROXY,pair,8,16,1000,0.90000000000000002,2,0.99999998565028603,0.99999998565028603,0
S0_SILICA_TRANSPORT_PROXY,pair,8,16,1000,0.98999999999999999,0.5,0.99999999712438847,0.99999999712438847,0
S0_SILICA_TRANSPORT_PROXY,pair,8,16,1000,0.98999999999999999,1,0.99999999424876906,0.99999999424876906,0
S0_SILICA_TRANSPORT_PROXY,pair,8,16,1000,0.98999999999999999,2,0.99999998849750704,0.99999998849750704,0
S0_SILICA_TRANSPORT_PROXY,pair,8,16,1000000,0.01,0.5,0.99997181303281046,0.99997181303281046,0
S0_SILICA_TRANSPORT_PROXY,pair,8,16,1000000,0.01,1,0.99994361979524049,0.99994361979524049,0
S0_SILICA_TRANSPORT_PROXY,pair,8,16,1000000,0.01,2,0.99988721451925811,0.99988721451925811,0
S0_SILICA_TRANSPORT_PROXY,pair,8,16,1000000,0.10000000000000001,0.5,0.99999938030195046,0.99999938030195046,0
S0_SILICA_TRANSPORT_PROXY,pair,8,16,1000000,0.10000000000000001,1,0.99999810215942697,0.99999810215942697,0
S0_SILICA_TRANSPORT_PROXY,pair,8,16,1000000,0.10000000000000001,2,0.99999357055015992,0.99999357055015992,0
S0_SILICA_TRANSPORT_PROXY,pair,8,16,1000000,0.5,0.5,0.9999972520221857,0.9999972520221857,0
S0_SILICA_TRANSPORT_PROXY,pair,8,16,1000000,0.5,1,0.99998903337016942,0.99998903337016942,0
S0_SILICA_TRANSPORT_PROXY,pair,8,16,1000000,0.5,2,0.99995618404665398,0.99995618404665398,0
S0_SILICA_TRANSPORT_PROXY,pair,8,16,1000000,0.90000000000000002,0.5,0.99999966719042777,0.99999966719042777,0
S0_SILICA_TRANSPORT_PROXY,pair,8,16,1000000,0.90000000000000002,1,0.99999867593395375,0.99999867593395375,0
S0_SILICA_TRANSPORT_PROXY,pair,8,16,1000000,0.90000000000000002,2,0.99999471808041307,0.99999471808041307,0
S0_SILICA_TRANSPORT_PROXY,pair,8,16,1000000,0.98999999999999999,0.5,0.99999999324422884,0.99999999324422884,0
S0_SILICA_TRANSPORT_PROXY,pair,8,16,1000000,0.98999999999999999,1,0.99999997872813118,0.99999997872813118,0
S0_SILICA_TRANSPORT_PROXY,pair,8,16,1000000,0.98999999999999999,2,0.99999992641495694,0.99999992641495694,0
S0_SILICA_TRANSPORT_PROXY,pair,8,16,1000000000,0.01,0.5,0.99620011726075675,0.99620011726075675,0
S0_SILICA_TRANSPORT_PROXY,pair,8,16,1000000000,0.01,1,0.98644886103257579,0.98644886103257579,0
S0_SILICA_TRANSPORT_PROXY,pair,8,16,1000000000,0.01,2,1.0010142947218448,1.0010142947218448,0
S0_SILICA_TRANSPORT_PROXY,pair,8,16,1000000000,0.10000000000000001,0.5,0.96414732163180927,0.96414732163180927,0
S0_SILICA_TRANSPORT_PROXY,pair,8,16,1000000000,0.10000000000000001,1,0.87761300005871878,0.87761300005871878,0
S0_SILICA_TRANSPORT_PROXY,pair,8,16,1000000000,0.10000000000000001,2,0.74837808325149702,0.74837808325149702,0
S0_SILICA_TRANSPORT_PROXY,pair,8,16,1000000000,0.5,0.5,0.79753733322539977,0.79753733322539977,0
S0_SILICA_TRANSPORT_PROXY,pair,8,16,1000000000,0.5,1,0.64817018032635554,0.64817018032635554,0
S0_SILICA_TRANSPORT_PROXY,pair,8,16,1000000000,0.5,2,0.49759926206231908,0.49759926206231908,0
S0_SILICA_TRANSPORT_PROXY,pair,8,16,1000000000,0.90000000000000002,0.5,0.9641475394066551,0.9641475394066551,0
S0_SILICA_TRANSPORT_PROXY,pair,8,16,1000000000,0.90000000000000002,1,0.87761332562487859,0.87761332562487859,0
S0_SILICA_TRANSPORT_PROXY,pair,8,16,1000000000,0.90000000000000002,2,0.74837851178334081,0.74837851178334081,0
S0_SILICA_TRANSPORT_PROXY,pair,8,16,1000000000,0.98999999999999999,0.5,0.99622788261701112,0.99622788261701112,0
S0_SILICA_TRANSPORT_PROXY,pair,8,16,1000000000,0.98999999999999999,1,0.9865021917168213,0.9865021917168213,0
S0_SILICA_TRANSPORT_PROXY,pair,8,16,1000000000,0.98999999999999999,2,1.0011169462077512,1.0011169462077512,0
S0_SILICA_TRANSPORT_PROXY,pair,8,16,100000000000,0.01,0.5,0.54763831890040049,0.54763831890040049,0
S0_SILICA_TRANSPORT_PROXY,pair,8,16,100000000000,0.01,1,0.41710564848561871,0.41710564848561871,0
S0_SILICA_TRANSPORT_PROXY,pair,8,16,100000000000,0.01,2,0.30970005618153257,0.30970005618153257,0
S0_SILICA_TRANSPORT_PROXY,pair,8,16,100000000000,0.10000000000000001,0.5,0.2042038833416972,0.2042038833416972,0
S0_SILICA_TRANSPORT_PROXY,pair,8,16,100000000000,0.10000000000000001,1,0.14701048514104581,0.14701048514104581,0
S0_SILICA_TRANSPORT_PROXY,pair,8,16,100000000000,0.10000000000000001,2,0.1054644970714036,0.1054644970714036,0
S0_SILICA_TRANSPORT_PROXY,pair,8,16,100000000000,0.5,0.5,0.10612631323928211,0.10612631323928211,0
S0_SILICA_TRANSPORT_PROXY,pair,8,16,100000000000,0.5,1,0.075092636622826253,0.075092636622826253,0
S0_SILICA_TRANSPORT_PROXY,pair,8,16,100000000000,0.5,2,0.05323893249248255,0.05323893249248255,0
S0_SILICA_TRANSPORT_PROXY,pair,8,16,100000000000,0.90000000000000002,0.5,0.20420388909970225,0.20420388909970225,0
S0_SILICA_TRANSPORT_PROXY,pair,8,16,100000000000,0.90000000000000002,1,0.14701049083278522,0.14701049083278522,0
S0_SILICA_TRANSPORT_PROXY,pair,8,16,100000000000,0.90000000000000002,2,0.10546450268765044,0.10546450268765044,0
S0_SILICA_TRANSPORT_PROXY,pair,8,16,100000000000,0.98999999999999999,0.5,0.54764319287676111,0.54764319287676111,0
S0_SILICA_TRANSPORT_PROXY,pair,8,16,100000000000,0.98999999999999999,1,0.41711088403158514,0.41711088403158514,0
S0_SILICA_TRANSPORT_PROXY,pair,8,16,100000000000,0.98999999999999999,2,0.30970545721585852,0.30970545721585852,0
