name,longitude_deg,latitude_deg,measured_ellipsoidal_height_m,geoid_N_m,measured_orthometric_height_m,model_ellipsoidal_height_m,model_orthometric_height_m,model_minus_measured_height_m,east_m,north_m,up_m,independent_mesh_surface_up_m,model_clearance_m,raw_survey_clearance_m,horizontal_source_error_deg,horizontal_roundtrip_error_deg,enu_transform_error_m,height_roundtrip_error_m,geoid_error_m
E01,86.71737155822221,42.924245343747735,2598.131301918067,-51.86591436685616,2649.997216284923,2604.8796741646047,2656.7455885314607,6.748372246537656,397.88140553660566,-2028.7543838949,-145.70048570153665,-146.700485703015,1.0000000014783552,-5.748460930550436,0.0,5.258016244624741e-13,2.085627827381091e-09,5.771562427980825e-08,1.2789769243681803e-13
E02,86.71785952963671,42.92424447433218,2599.019298946485,-51.86714685857993,2650.886445805065,2604.104402298304,2655.971549156884,5.085103351819271,437.73611200938944,-2028.8483366921969,-146.47839316545526,-147.47839316446837,0.999999999013113,-4.085239426496656,0.0,5.258016244624741e-13,1.3171818667952894e-09,5.475158104673028e-08,5.684341886080802e-14
E03,86.71908411398346,42.92424304489184,2600.427940630354,-51.87023580960418,2652.2981764399583,2602.5576040741835,2654.427839883788,2.129663443829486,537.7531273109855,-2028.999605214145,-148.03287311186648,-149.03287311164235,0.9999999997758664,-1.1296337764451891,0.0,5.471179065352771e-13,1.864014451445237e-09,5.617403076030314e-08,1.2789769243681803e-13
E04,86.7193286289201,42.924243471538695,2600.9021428944543,-51.870848796462454,2652.7729916909166,2604.0187762072733,2655.8896250037355,3.1166333128189763,557.7238455926359,-2028.9510622077428,-146.57339710495057,-147.57339710475694,0.9999999998063629,-2.1165774578144294,0.0,5.400124791776761e-13,9.335041651252738e-10,5.583706297329627e-08,1.8474111129762605e-13
E05,86.72030843612119,42.9242430152736,2602.1274385182187,-51.87331663864302,2654.0007551568615,2607.74144495415,2659.614761592793,5.614006435931515,637.749340069715,-2028.9959924456134,-142.85822747343354,-143.858227472529,0.9999999990954507,-4.6139736486817355,0.0,5.471179065352771e-13,2.082733049756449e-09,5.451511242426932e-08,2.2737367544323206e-13
E06,86.72251268399312,42.924240522116555,2606.3238630108535,-51.87887620237403,2658.2027392132277,2610.1211073324503,2661.9999835348244,3.797244321596736,817.7802997114675,-2029.2547581060521,-140.4991492093627,-141.4991492083829,0.99999999902019,-2.797244673615012,0.0,5.400124791776761e-13,2.0833829304798863e-09,5.5837517720647156e-08,1.2789769243681803e-13
E07,86.72275785588556,42.924240481600926,2606.0612187366933,-51.87949331847333,2657.9407120551664,2610.1204893059976,2661.9999826244707,4.059270569304317,837.8045755590465,-2029.2568475327216,-140.50236167316223,-141.50236167243327,0.99999999927104,-3.05927094206686,0.0,5.400124791776761e-13,1.8668835024092917e-09,5.56983650312759e-08,2.0605739337042905e-13
E08,86.72398204455092,42.924240425225065,2607.0407455964014,-51.8825739213693,2658.923319517771,2612.187249714728,2664.069823636097,5.1465041183264475,937.789795028934,-2029.250848852109,-138.44948925150152,-139.44948925087246,0.9999999993709423,-4.146418187035238,0.0,5.471179065352771e-13,5.362597410144533e-13,5.6591488828416914e-08,8.526512829121202e-14
E09,86.72422728991212,42.92424024284028,2607.938907060772,-51.88319196901474,2659.822099029787,2613.2884246790604,2665.171616648075,5.349517618288246,957.820245204207,-2029.2687056095488,-137.3512906413846,-138.3512906398653,0.9999999984807175,-4.3493922292029765,0.0,5.329070518200751e-13,2.6368858151196563e-09,5.4034444474382326e-08,7.815970093361102e-14
E10,86.72447150254993,42.92423999914,2608.9892744114622,-51.883807740178426,2660.8730821516406,2615.144436219023,2667.0282439592015,6.155161807560944,977.7664716882089,-2029.2935709389517,-135.49830753273204,-136.4983075319697,0.9999999992376445,-5.154974342504659,0.0,5.329070518200751e-13,9.31207931827938e-10,5.656329449266195e-08,9.947598300641403e-14
E11,86.72471322237843,42.92424186727183,2609.2598988711834,-51.88440612076619,2661.1443049919494,2617.7476883122686,2669.6320944330346,8.48778944108517,997.5091934521423,-2029.083943508762,-132.89803958390507,-133.89803958231568,0.9999999984106012,-7.487527452774231,0.0,5.400124791776761e-13,2.6348934970459143e-09,5.476294973050244e-08,1.7053025658242404e-13
E12,86.72496200277654,42.924239283756634,2609.5500203743577,-51.88504569962642,2661.435066073984,2617.774539798611,2669.6595854982374,8.22451942425323,1017.8282619476824,-2029.3680952855484,-132.87448251498233,-133.87448251426434,0.9999999992820108,-7.224747706757796,0.0,5.400124791776761e-13,9.335041651252738e-10,5.576657713390887e-08,9.947598300641403e-14
E13,86.72520567894979,42.92423929890721,2610.0283644963056,-51.88565875555199,2661.9140232518575,2618.5952221573443,2670.4808809128963,8.566857661038739,1037.7305323848796,-2029.363695175628,-132.05699947698042,-133.05699947753735,1.0000000005569234,-7.566735839649056,0.0,5.400124791776761e-13,9.329036650560515e-10,5.689253157470375e-08,2.842170943040401e-14
E14,86.72642990310813,42.9242379828696,2612.928036669269,-51.888746042639305,2664.8167827119087,2616.3679622578134,2668.256708300453,3.439925588544156,1137.7181078916346,-2029.4934123769767,-134.30131923293072,-135.30131923199437,0.9999999990636468,-2.439961461149153,0.0,5.471179065352771e-13,3.3266757983254893e-13,5.600259100901894e-08,1.6342482922482304e-13
E15,86.7269209563134,42.92423762138087,2613.905111776665,-51.889983514987364,2665.795095291652,2616.854572452911,2668.744555967898,2.9494606762459625,1177.824736980865,-2029.526982252197,-133.8219856474609,-134.8219856468453,0.9999999993843858,-1.9494305411255937,0.0,5.471179065352771e-13,3.26540580689313e-13,5.65046320843976e-08,5.684341886080802e-14
E16,86.72741021702426,42.924237649362745,2615.684850681573,-51.891214433588424,2667.576065115162,2615.8532352297816,2667.7444496633702,0.16838454820845072,1217.7846802143017,-2029.5165851076908,-134.8308093200177,-135.83080931854616,0.999999998528466,0.8316171175474381,0.0,5.400124791776761e-13,2.0836036683907575e-09,5.50162440049462e-08,2.0605739337042905e-13
E17,86.72814457134645,42.92423677534752,2617.7159057762474,-51.89306676918979,2669.608972545437,2622.884014285749,2674.7770810549387,5.168108509501508,1277.7641325286547,-2029.6050662340251,-127.81176890610061,-128.8117689036792,0.999999997578584,-4.16782020107604,0.0,5.400124791776761e-13,2.6347880949615924e-09,5.5300006351899356e-08,1.4210854715202004e-14
E18,86.73132668380538,42.924235225892694,2627.9604452792555,-51.90108155011302,2679.8615268293684,2626.9563845300013,2678.857466080114,-1.0040607492542222,1537.6629098056817,-2029.725303507281,-123.79668609205953,-124.79668608918625,0.9999999971267215,2.0040078449164866,0.0,5.471179065352771e-13,3.358479223509809e-09,5.430638339021243e-08,1.7053025658242404e-13
E19,86.7327962977545,42.92423265065747,2633.825684362091,-51.904792676342794,2685.730477038434,2636.7909755318465,2688.6957682081893,2.9652911697553463,1657.6957377113677,-2029.9867248233504,-113.99218593519356,-114.99218593509127,0.9999999998977103,-1.9652948128140793,0.0,5.471179065352771e-13,2.608766145426361e-13,5.652736945194192e-08,2.842170943040401e-14
E20,86.73304100160388,42.924232472575234,2634.226047370583,-51.90540930524989,2686.131456675833,2636.620793180945,2688.526202486195,2.39474581036211,1677.6818310890271,-2030.0016098328992,-114.16758852890496,-115.16758852924788,1.0000000003429221,-1.394696660289,0.0,5.471179065352771e-13,5.85109124842545e-11,5.7337274483870715e-08,1.4210854715202004e-13
W01,86.71516689171023,42.92424550193898,2595.7827199352905,-51.86036603020512,2647.6430859654956,2601.3703914643897,2653.230757494595,5.587671529099225,217.81655666907525,-2028.743754979533,-149.201091175148,-150.20109117547284,1.0000000003248317,-4.587573417772973,0.0,5.329070518200751e-13,4.62671908852022e-13,5.721312845707871e-08,7.105427357601002e-15
W02,86.71492207025065,42.924246007017935,2595.797129756771,-51.85974729158518,2647.6568770483564,2602.002839480919,2653.8625867725045,6.205709724148164,197.82094935377233,-2028.6884286460986,-148.56797526164678,-149.56797526007924,0.9999999984324575,-5.2055096160793255,0.0,5.258016244624741e-13,1.3184879506607244e-09,5.4555584938498214e-08,1.5631940186722204e-13
W03,86.71345288208931,42.92424681840201,2593.9657916678116,-51.85604607986539,2645.821837747677,2597.720999616231,2649.5770456960963,3.755207948419411,77.82594693648768,-2028.5992976727794,-152.84719908860814,-153.84719908859978,0.999999999991644,-2.7552857551397096,0.0,5.471179065352771e-13,9.308889676885279e-10,5.6777935242280364e-08,5.684341886080802e-14
W04,86.71026852627348,42.924250756568654,2590.701393346302,-51.84801212294165,2642.549405469244,2595.8492573917993,2647.697269514741,5.147864045497045,-182.2539176874459,-2028.1590501040387,-154.72092611723417,-155.72092611742534,1.0000000001911644,-4.14781132866915,0.0,5.400124791776761e-13,2.308990589380062e-13,5.595757102128118e-08,1.3500311979441904e-13
W05,86.70953371437268,42.92424847832555,2588.4815788734704,-51.846175441911456,2640.3277543153818,2595.5647771124763,2647.4109525543877,7.083198239005924,-242.2691183342394,-2028.4103010297817,-155.0074798071903,-156.00747980700527,0.9999999998149747,-6.083052588456042,0.0,5.258016244624741e-13,4.996080585683259e-13,5.690026227966882e-08,1.2789769243681803e-13
W06,86.70903964432014,42.92424938793123,2588.776684629731,-51.84492729787644,2640.6216119276073,2592.4854153551128,2644.330342652989,3.7087307253818835,-282.62177301326193,-2028.306687936934,-158.08846588258075,-159.0884658833602,1.000000000779437,-2.7087144418132993,0.0,5.329070518200751e-13,1.3184060734946187e-09,5.7931629271479324e-08,0.0
W07,86.70855484490582,42.92425054947818,2588.3669720562175,-51.84370110728146,2640.210673163499,2587.9537161905187,2639.7974172978,-0.41325586569882944,-322.21714149691206,-2028.1744110026143,-162.62199688850512,-163.6219968889188,1.000000000413678,1.4132567556804077,0.0,5.186961971048731e-13,9.33080037455997e-10,5.589254215010442e-08,4.263256414560601e-14
W08,86.70733147921858,42.92425047911963,2586.842898367904,-51.84062313562271,2638.6835215035267,2589.0677423909483,2640.908365526571,2.22484402304417,-422.13455325922416,-2028.1771714930137,-161.51379045381987,-162.5137904549088,1.000000001088921,-1.2248607026015748,0.0,5.258016244624741e-13,2.085572532103544e-09,5.735182639909908e-08,1.7053025658242404e-13
W09,86.70708558436337,42.924249770275566,2586.4623764641583,-51.84000824290577,2638.302384707064,2589.15996582393,2640.999974066836,2.6975893597718823,-442.2178184963388,-2028.254715693804,-161.42294987365847,-162.42294987375743,1.0000000000989644,-1.6975895947756214,0.0,5.329070518200751e-13,9.335767448495336e-10,5.628498911391944e-08,7.105427357601002e-14
W10,86.70683995871067,42.92425051694474,2586.4135327842087,-51.83938611775484,2638.2529189019633,2589.0862874781924,2640.925673595947,2.672754693983734,-462.27907499456745,-2028.170389249354,-161.49802104324522,-162.49802104291612,0.999999999670905,-1.6727910223474112,0.0,5.258016244624741e-13,4.996080585683259e-13,5.567198968492448e-08,1.8474111129762605e-13
W11,86.70659539103325,42.92425047169039,2585.7782441023737,-51.838770958573214,2637.617015060947,2588.5079850618063,2640.3467560203794,2.7297409594325472,-482.2538894019876,-2028.1738611172832,-162.07780072640526,-163.07780072634844,0.999999999943185,-1.7298065999387973,0.0,5.329070518200751e-13,9.315122715944357e-10,5.697029337170534e-08,6.394884621840902e-14
W12,86.7063511365953,42.924250164458044,2584.9863117216155,-51.838158013340944,2636.8244697349564,2587.6558309913403,2639.493989004681,2.6695192697247876,-502.2030972584746,-2028.2063048396453,-162.9315017317017,-163.93150172978082,0.9999999980791188,-1.6696298644026797,0.0,5.258016244624741e-13,1.3186224180020356e-09,5.319952833815478e-08,0.0
W13,86.70610610377861,42.924250186704924,2584.736479495652,-51.837541317315186,2636.5740208129673,2585.9483817480755,2637.7859230653908,1.2119022524234424,-522.2158007124772,-2028.2017962215434,-164.6405536481119,-165.64055364419983,0.9999999960879222,-0.21198177183984512,0.0,5.329070518200751e-13,4.6583770219960515e-09,5.212905307416804e-08,1.1368683772161603e-13
W14,86.70488115896717,42.924249757280506,2583.7119732098654,-51.83446133698471,2635.54643454685,2588.6194068739205,2640.453868210905,4.907433664055134,-622.2623451784863,-2028.2420370432615,-161.97849967561876,-162.97849967565404,1.0000000000352713,-3.9074932074612434,0.0,5.186961971048731e-13,9.315357772173203e-10,5.7181750889867544e-08,1.7763568394002505e-13
W15,86.70463686446936,42.92424998211079,2583.4056292120367,-51.83384539373847,2635.2394746057753,2590.08063894127,2641.9144843350086,6.675009729233352,-642.2150343739927,-2028.2156791512302,-160.51923308873643,-161.51923308787818,0.9999999991417496,-5.675019993085272,0.0,5.258016244624741e-13,2.0827816928941346e-09,5.505535227712244e-08,8.526512829121202e-14
W16,86.70243223331664,42.92425146715601,2581.5699016284198,-51.82828975773678,2633.3981913861567,2585.378484708404,2637.206774466141,3.808583079984146,-822.2758180624389,-2028.0299440056674,-165.2419599336206,-166.24195993421603,1.0000000005954348,-2.808587300754141,0.0,5.258016244624741e-13,1.317069729446317e-09,5.666379365720786e-08,1.2789769243681803e-13
W17,86.70145335610272,42.924251575503966,2580.549658060074,-51.82582600663111,2632.3754840667048,2586.1005659276143,2637.926391934245,5.550907867540445,-902.2248363566232,-2028.0080967231481,-164.5306587388933,-165.53065873850113,0.9999999996078373,-4.550885585181845,0.0,5.329070518200751e-13,9.334839346782702e-10,5.6299541029147804e-08,2.0605739337042905e-13
W18,86.70120720931794,42.924252311737696,2580.1631150031462,-51.82520258257266,2631.988317585719,2585.212408548881,2637.0376111314536,5.049293545734599,-922.3285171235021,-2027.92332149708,-165.421659008358,-166.42165900920492,1.00000000084691,-4.049273987613105,0.0,5.258016244624741e-13,5.806548976339743e-11,5.708216122002341e-08,7.105427357601002e-14
W19,86.69998280116509,42.924252669331985,2579.525697437115,-51.82211961694155,2631.3478170540566,2586.187141289291,2638.0092609062326,6.661443852176035,-1022.3310997270993,-2027.8697344399097,-164.46212442519254,-165.46212442437252,0.9999999991799768,-5.661285197404339,0.0,5.258016244624741e-13,1.8638150195859324e-09,5.372885425458662e-08,1.4210854715202004e-14
W20,86.69949388141355,42.924252061960296,2578.7160350987688,-51.82089268382817,2630.536927782597,2584.564260076342,2636.3851527601705,5.848224977573409,-1062.262926283941,-2027.9306593994584,-166.09153791665494,-167.09153791609603,0.9999999994410871,-4.848104802844489,0.0,5.329070518200751e-13,1.3172870832624375e-09,5.440597306005657e-08,1.6342482922482304e-13
N20,86.6982866908386,42.9565790490605,2679.5288816289976,-51.63943373132261,2731.1683153603203,2690.675959938876,2742.315393670199,11.147078309878452,-1160.2712366766248,1564.8254384907627,-59.86622869897144,-60.866228698409365,0.9999999994379252,-10.147167406624028,0.0,5.613287612504791e-13,9.315136521520995e-10,6.079699232941493e-08,8.526512829121202e-14
N19,86.69828454790812,42.95631317001631,2678.4288658928126,-51.64089513332463,2730.0697610261373,2690.813923330597,2742.4548184639216,12.385057437784326,-1160.451190929899,1535.2760117169728,-59.7211050270613,-60.7211050267551,0.9999999996937987,-11.384864411357185,0.0,5.826450433232822e-13,1.3181569907414474e-09,6.091659088269807e-08,1.4210854715202004e-14
N18,86.69828339605566,42.95473172040576,2672.5027567083016,-51.64962037181431,2724.152377080116,2685.9224063359775,2737.572026707792,13.41964962767588,-1160.5740496381127,1359.5145257751706,-64.57269397028551,-65.57269396904616,0.9999999987606429,-12.420050579587354,0.0,5.684341886080801e-13,2.0830516279338598e-09,5.805713954032399e-08,0.0
N17,86.69828401835166,42.95129420372957,2657.6947663854808,-51.66859478283139,2709.363361168312,2670.9537136067374,2722.622308389569,13.258947221256676,-1160.585120081157,977.4711002478225,-79.47128378733322,-80.47128378820979,1.0000000008765682,-12.25896211215813,0.0,5.755396159656812e-13,1.318534005002412e-09,6.177288014441729e-08,1.4210854715202004e-14
N16,86.6982841347896,42.950502528271315,2654.7460112273693,-51.67296459421541,2706.418975821585,2664.517911717846,2716.1908763120614,9.771900490476582,-1160.589319995163,889.4846608422038,-85.8941882882919,-86.89418828880305,1.0000000005111502,-8.771944885376968,0.0,5.613287612504791e-13,9.311622759489116e-10,5.998572305543348e-08,9.237055564881302e-14
N15,86.69828334954038,42.949974565219,2652.145683573559,-51.67587640553166,2703.8215599790906,2665.3241113625395,2716.999987768071,13.17842778898057,-1160.6634946927416,830.8078772603114,-85.08007612383125,-86.08007612429226,1.0000000004610143,-12.178428009821644,0.0,5.542233338928781e-13,9.311960666263558e-10,5.9053036238765344e-08,7.105427357601002e-15
N14,86.69828394184152,42.94944576456591,2650.723110722378,-51.67879664919869,2702.4019073715767,2660.6958564970696,2712.3746531462684,9.972745774691703,-1160.6242334397498,772.0373167752515,-89.70092732044424,-90.70092731850514,0.9999999980609005,-8.972429588132954,0.0,5.613287612504791e-13,2.0832555711242315e-09,5.550145942834206e-08,1.4210854715202004e-13
N13,86.69828531299018,42.948128464327866,2646.755806640722,-51.68607098253872,2698.4418776232606,2652.1909254612256,2703.8769964437643,5.435118820503703,-1160.5354933497722,625.6341190125263,-98.18977523220087,-99.18977523304594,1.0000000008450627,-4.435093286426607,0.0,5.542233338928781e-13,9.33102682571049e-10,6.055051926523447e-08,2.842170943040401e-14
N12,86.69828260361639,42.94786068664368,2645.886459500529,-51.68754148761246,2697.5740009881415,2648.50633530316,2700.1938767907727,2.6198758026312134,-1160.7610580820035,595.8735325592086,-101.87155198486096,-102.871551984628,0.9999999997670415,-1.6198441260843879,0.0,5.542233338928781e-13,9.331256216861764e-10,5.7769284467212856e-08,1.7763568394002505e-13
N11,86.69828334302886,42.94759591053468,2644.9744141642004,-51.6890048953925,2696.663419059593,2649.4551027544717,2701.144107649864,4.4806885902712565,-1160.7058368033636,566.4469351839862,-100.92008882459146,-101.92008882492075,1.000000000329294,-3.480691532746391,0.0,5.542233338928781e-13,5.8085769578309176e-11,5.895844878978096e-08,1.2789769243681803e-13
N10,86.69828556789678,42.947331913814935,2643.9077902138233,-51.690468066540284,2695.5982582803636,2650.048327011111,2701.738795077651,6.140536797287496,-1160.5292565842756,537.1068996418721,-100.32429011659633,-101.3242901164422,0.9999999998458691,-5.140421800692437,0.0,5.471179065352771e-13,9.330851430732388e-10,5.768742994405329e-08,4.973799150320701e-14
N09,86.69828316285296,42.947067498611176,2642.883918464184,-51.69192086605214,2694.575839330236,2647.8176679133003,2699.5095887793523,4.933749449116476,-1160.730177887392,507.7201892540804,-102.55257484113889,-103.55257484122437,1.0000000000854783,-3.933671823939349,0.0,5.542233338928781e-13,9.311755451950017e-10,5.8996192819904536e-08,1.5631940186722204e-13
N08,86.69828192370858,42.94680393268242,2641.735281064175,-51.693372178001,2693.428653242176,2646.3066029688675,2697.9999751468686,4.571321904692468,-1160.8360255110706,478.42792540128875,-104.0613908489116,-105.06139084840372,0.9999999994921183,-3.5713220060291206,0.0,5.471179065352771e-13,1.3170107276634014e-09,5.677748049492948e-08,2.842170943040401e-14
N07,86.69828306439257,42.94548346307526,2637.760788277723,-51.70066336758025,2689.461451645303,2646.039784718186,2697.7404480857663,8.278996440463288,-1160.7676553669016,331.6737136695597,-104.31886166665598,-105.31886166697788,1.0000000003219043,-7.2789826148316905,0.0,5.542233338928781e-13,9.31402325546355e-10,5.972333383397199e-08,1.5631940186722204e-13
N06,86.6982833675837,42.945216539802814,2636.5910684820265,-51.70213742209306,2688.2932059041195,2645.5182989964087,2697.220436418502,8.927230514382245,-1160.7478209453018,302.00840562959036,-104.83886773123247,-105.83886773086482,0.999999999632351,-7.927244363620616,0.0,5.542233338928781e-13,9.313539215169268e-10,5.887704901397228e-08,1.4210854715202004e-14
N05,86.69828339941286,42.94284240988421,2629.3211130462587,-51.71524104165955,2681.0363540879184,2635.982766147781,2687.698007189441,6.661653101522461,-1160.7880935223507,38.152731232690684,-114.36736054064212,-115.36736054093335,1.000000000291223,-5.661649363439821,0.0,5.471179065352771e-13,9.331340077899652e-10,5.7663783081807196e-08,1.8474111129762605e-13
N04,86.69828323290712,42.941785341049616,2622.1799526801333,-51.72107487352469,2673.901027553658,2632.7061279444315,2684.427202817956,10.526175264298217,-1160.8209525322761,-79.32733731765028,-117.64438459523998,-118.64438459494338,0.999999999703391,-9.526179697853195,0.0,5.400124791776761e-13,9.313241277337956e-10,5.864421837031841e-08,7.105427357601002e-15
N03,86.69828253887766,42.941520076300165,2621.722521653399,-51.722537087348485,2673.4450587407473,2631.221985890959,2682.9445229783073,9.499464237560005,-1160.8823351677302,-108.80817601350248,-119.12897333553477,-120.12897333447097,0.9999999989362038,-8.499474936166948,0.0,5.471179065352771e-13,1.3183731470234284e-09,5.6381850299658254e-08,5.684341886080802e-14
N02,86.69828263365224,42.94019995218673,2616.179414507933,-51.72982351116869,2667.909238019102,2622.7946868439585,2674.5245103551274,6.615272336025555,-1160.8978670667914,-255.52314060612997,-127.56047253631101,-128.56047253594107,0.999999999630063,-5.615192335805773,0.0,5.400124791776761e-13,9.313434588256696e-10,5.7424585975240916e-08,1.9895196601282805e-13
N01,86.69828233546548,42.93967195293459,2614.3621632819995,-51.73273690613165,2666.0949001881313,2620.631816639526,2672.3645535456576,6.269653357526295,-1160.931741740679,-314.20346257301253,-129.72597403805537,-130.72597403791772,0.9999999998623537,-5.269593268359614,0.0,5.471179065352771e-13,5.830331130447733e-11,5.7781107898335904e-08,1.2789769243681803e-13
S01,86.69828388408774,42.93729439793976,2605.547418670729,-51.745863459395665,2657.2932821301247,2615.3359205107286,2667.0817839701244,9.788501839999753,-1160.8489895813414,-578.4379850677672,-135.04037581774918,-136.04037581805935,1.0000000003101661,-8.788609278987423,0.0,5.400124791776761e-13,2.604892696897332e-13,5.782703738077544e-08,2.1316282072803006e-13
S02,86.69828109806616,42.93703370019863,2605.148540525697,-51.74729497271832,2656.8958354984156,2613.895317227401,2665.6426122001194,8.746776701703766,-1161.081124638413,-607.4110147703277,-136.4837191146716,-137.48371911341184,0.9999999987402362,-7.746831000651895,0.0,5.400124791776761e-13,2.6368250388768233e-09,5.512674761121161e-08,1.4210854715202004e-13
S03,86.6982823747997,42.935446416204755,2600.6972923157737,-51.75605905366767,2652.4533513694414,2609.462845206734,2661.218904260402,8.765552890960407,-1161.0058826989566,-783.8166471983983,-140.93544833095729,-141.93544833231303,1.000000001355744,-7.765657758487066,0.0,5.329070518200751e-13,1.3183368544302258e-09,5.9131252783117816e-08,7.105427357601002e-14
S04,86.69828056005849,42.932012440453136,2592.2826963150874,-51.775007524371986,2644.0577038394595,2599.8241065587194,2651.5991140830915,7.541410243632072,-1161.2168372225422,-1165.4565729085045,-150.63263938140437,-151.6326393806098,0.9999999992054143,-6.5417102490227705,0.0,5.258016244624741e-13,9.333591129397918e-10,5.7248598750447854e-08,9.947598300641403e-14
S05,86.69828101202486,42.93122045839747,2587.4451604587957,-51.77937989958804,2639.224540358384,2598.2131621566946,2649.9925420562827,10.768001697898853,-1161.1945131652762,-1253.4745942641698,-152.26029779113628,-153.26029778904746,0.9999999979111749,-9.76829443765834,0.0,5.329070518200751e-13,2.6368502938596453e-09,5.221272658673115e-08,5.684341886080802e-14
S06,86.69828088528351,42.930691055780365,2585.1125596743077,-51.78230151635805,2636.894861190666,2592.5464899240205,2644.3287914403786,7.43393024971283,-1161.2137790787308,-1312.3095028553394,-157.93882718015254,-158.93882718029155,1.0000000001390106,-6.4340100851447914,0.0,5.258016244624741e-13,2.3437142008433856e-13,5.698257155017927e-08,2.842170943040401e-14
S07,86.69828085773874,42.93016354977546,2583.547831351869,-51.78521292167535,2635.333044273544,2587.5812262549457,2639.366439176621,4.033394903076896,-1161.2250358369238,-1370.9336706540355,-162.91644478693695,-163.91644478762058,1.0000000006836274,-3.0334191010881,0.0,5.329070518200751e-13,9.314439665561236e-10,5.667834557243623e-08,1.4210854715202004e-14
S08,86.69828045530096,42.928842009735206,2579.0623913956806,-51.792505898313465,2630.854897293994,2588.8825683550485,2640.675074253362,9.820176959367927,-1161.2829640964108,-1517.8053366441864,-161.6484279032619,-162.64842790199643,0.9999999987345234,-8.819874208266555,0.0,5.329070518200751e-13,2.0833706571850875e-09,5.461788532556966e-08,1.9895196601282805e-13
S09,86.69828186331944,42.928577806635296,2577.995455388911,-51.793967723555234,2629.7894231124665,2592.086113988759,2643.880081712314,14.090658599847757,-1161.173518706924,-1547.1687494310838,-158.45192904426483,-159.45192904454242,1.0000000002775948,-13.090770317478643,0.0,5.400124791776761e-13,5.805982044155968e-11,5.8336354413768277e-08,1.6342482922482304e-13
S10,86.69828015930416,42.928312969498656,2577.0117377256975,-51.79542508820647,2628.807162813904,2589.1475236407964,2640.942948729003,12.13578591509895,-1161.317124208292,-1576.6010913445702,-161.3977649046152,-162.39776490444993,0.9999999998347278,-11.136176318415522,0.0,5.258016244624741e-13,3.2155493553843715e-13,5.480660547618754e-08,2.1316282072803006e-13
S11,86.69828146763513,42.92804824109887,2576.006343490444,-51.796889551810565,2627.8032330422548,2586.0163778950428,2637.8132674468534,10.010034404598628,-1161.2146781182132,-1606.0213130886782,-164.53624445017465,-165.53624445039503,1.000000000220382,-9.01011517755532,0.0,5.400124791776761e-13,9.31704732551605e-10,5.597576091531664e-08,7.105427357601002e-14
S12,86.69828140402657,42.92778615267917,2575.2773579964414,-51.79833593883768,2627.075693935279,2585.2317968272123,2637.03013276605,9.954438830770869,-1161.22465346846,-1635.1486902388206,-165.32824036211036,-166.3282403620413,0.9999999999309352,-8.954522254318903,0.0,5.258016244624741e-13,2.3437142008433856e-13,5.490301191457547e-08,0.0
S13,86.6982824845385,42.92752184649702,2574.800264734775,-51.79979748180418,2626.600062216579,2584.461893315949,2636.261690797753,9.661628581174227,-1161.1412331044885,-1664.5225526627166,-166.10573941254518,-167.10573941153604,0.9999999989908588,-8.661633648467927,0.0,5.329070518200751e-13,1.3185166611316616e-09,5.442598194349557e-08,1.4210854715202004e-13
S14,86.69828287215387,42.92619936131191,2570.874509572983,-51.807097667373654,2622.6816072403562,2578.5574972376244,2630.364594904998,7.682987664641587,-1161.1333423113701,-1811.4971380150214,-172.0502501469939,-173.05025014638534,0.9999999993914344,-6.682846612845026,0.0,5.329070518200751e-13,9.311498430228076e-10,5.6063981901388615e-08,1.9895196601282805e-13
S15,86.69828279441776,42.92593346562665,2570.5793020399287,-51.80856502966326,2622.387867069592,2579.8309448694276,2631.639509899091,9.251642829498905,-1161.1449164160506,-1841.0481661894562,-170.78527992301122,-171.7852799228272,0.9999999998159694,-8.251556851228855,0.0,5.258016244624741e-13,9.335140536854317e-10,5.51876837562304e-08,1.8474111129762605e-13
S16,86.69828153786729,42.92355765818406,2573.5198226291686,-51.821674681875805,2625.3414973110443,2584.376719220058,2636.1983939019337,10.856896590889392,-1161.2929911596798,-2105.088076002072,-166.32134707953753,-167.32134707986052,1.0000000003229843,-9.856751932367587,0.0,5.258016244624741e-13,9.32686361103084e-10,5.5431428336305544e-08,8.526512829121202e-14
S17,86.69828064909582,42.922499864891705,2576.8294672602788,-51.82751075701579,2628.6569780172945,2587.1734786927304,2639.000989449746,10.34401143245168,-1161.3859585997586,-2222.6483092104227,-163.56455383253615,-164.5645538321019,0.9999999995657447,-9.343778495942814,0.0,5.329070518200751e-13,2.8421709430404007e-13,5.5918917496455833e-08,7.105427357601002e-14
S18,86.6982811239647,42.9222360253555,2578.1964451875538,-51.828968159002855,2630.0254133465564,2587.5469453523315,2639.375913511334,9.350500164777714,-1161.352196400319,-2251.9706161864833,-163.20138355631093,-164.20138355556648,0.9999999992555502,-8.350351325997963,0.0,5.329070518200751e-13,1.3183667764818253e-09,5.5655164032941684e-08,1.8474111129762605e-13
S19,86.69828067175474,42.92091402384978,2583.356842601672,-51.83626358638118,2635.193106188053,2591.78453567793,2643.6207992643112,8.427693076258038,-1161.41473231978,-2398.8946424369324,-159.0174600704554,-160.01746007060032,1.0000000001449223,-7.427828946817584,0.0,5.258016244624741e-13,5.807394750178964e-11,5.698439053958282e-08,2.1316282072803006e-13
S20,86.6982762693299,42.92038659510739,2586.297734904103,-51.83916372362418,2638.136898627727,2595.7801843176526,2647.6193480412767,9.482449413549602,-1161.7849519955498,-2457.512663763589,-155.04423139404844,-156.0442313936358,0.9999999995873736,-8.482170765193246,0.0,5.258016244624741e-13,9.308914138085039e-10,5.65382833883632e-08,8.526512829121202e-14
