mass_GeV,energy_GeV,pitch,charge,field_T,angle,length_m,chord_excess,position_error,direction_error,source_accepted
0.00051099890000000001,0.3624695166929317,0,-1,5.0000000000000002e-05,0.20000000000000001,100,0,0,0,1
0.00051099890000000001,0.3624695166929317,0,-1,5.0000000000000002e-05,4.0000000000000003e-05,100,0,0,0,1
0.00051099890000000001,0.3624695166929317,0,-1,0.01,0.20000000000000001,100,0,0,0,1
0.00051099890000000001,0.3624695166929317,0,-1,0.01,4.0000000000000003e-05,100,0,0,0,1
0.00051099890000000001,0.3624695166929317,0,1,5.0000000000000002e-05,0.20000000000000001,100,0,0,0,1
0.00051099890000000001,0.3624695166929317,0,1,5.0000000000000002e-05,4.0000000000000003e-05,100,0,0,0,1
0.00051099890000000001,0.3624695166929317,0,1,0.01,0.20000000000000001,100,0,0,0,1
0.00051099890000000001,0.3624695166929317,0,1,0.01,4.0000000000000003e-05,100,0,0,0,1
0.00051099890000000001,0.3624695166929317,1.0000000000000001e-09,-1,5.0000000000000002e-05,0.20000000000000001,100,0,2.0677095339985829e-12,4.1354180857368765e-12,1
0.00051099890000000001,0.3624695166929317,1.0000000000000001e-09,-1,5.0000000000000002e-05,4.0000000000000003e-05,100,0,2.0677095339985829e-12,4.1354180857368765e-12,1
0.00051099890000000001,0.3624695166929317,1.0000000000000001e-09,-1,0.01,0.20000000000000001,100,0,4.0574356855827762e-10,8.0371071453561097e-10,1
0.00051099890000000001,0.3624695166929317,1.0000000000000001e-09,-1,0.01,4.0000000000000003e-05,100,0,4.0574356855827762e-10,8.0371071453561097e-10,1
0.00051099890000000001,0.3624695166929317,1.0000000000000001e-09,1,5.0000000000000002e-05,0.20000000000000001,100,0,2.0677095339985829e-12,4.1354180857368765e-12,1
0.00051099890000000001,0.3624695166929317,1.0000000000000001e-09,1,5.0000000000000002e-05,4.0000000000000003e-05,100,0,2.0677095339985829e-12,4.1354180857368765e-12,1
0.00051099890000000001,0.3624695166929317,1.0000000000000001e-09,1,0.01,0.20000000000000001,100,0,4.0574356855827762e-10,8.0371071453561097e-10,1
0.00051099890000000001,0.3624695166929317,1.0000000000000001e-09,1,0.01,4.0000000000000003e-05,100,0,4.0574356855827762e-10,8.0371071453561097e-10,1
0.00051099890000000001,0.3624695166929317,1.0000000000000001e-05,-1,5.0000000000000002e-05,0.20000000000000001,0.094166559656044008,-1.1102230246251565e-16,2.5273842776480177e-17,7.582300130647981e-17,1
0.00051099890000000001,0.3624695166929317,1.0000000000000001e-05,-1,5.0000000000000002e-05,4.0000000000000003e-05,1.9345067717556699e-05,0,0,0,1
0.00051099890000000001,0.3624695166929317,1.0000000000000001e-05,-1,0.01,0.20000000000000001,0.00047083251973569623,2.2204460492503131e-16,2.5275755123045718e-17,7.5823001306479835e-17,1
0.00051099890000000001,0.3624695166929317,1.0000000000000001e-05,-1,0.01,4.0000000000000003e-05,9.6725338587783502e-08,0,0,0,1
0.00051099890000000001,0.3624695166929317,1.0000000000000001e-05,1,5.0000000000000002e-05,0.20000000000000001,0.094166559656044008,-1.1102230246251565e-16,2.5273842776480177e-17,7.582300130647981e-17,1
0.00051099890000000001,0.3624695166929317,1.0000000000000001e-05,1,5.0000000000000002e-05,4.0000000000000003e-05,1.9345067717556699e-05,0,0,0,1
0.00051099890000000001,0.3624695166929317,1.0000000000000001e-05,1,0.01,0.20000000000000001,0.00047083251973569623,2.2204460492503131e-16,2.5275755123045718e-17,7.5823001306479835e-17,1
0.00051099890000000001,0.3624695166929317,1.0000000000000001e-05,1,0.01,4.0000000000000003e-05,9.6725338587783502e-08,0,0,0,1
0.00051099890000000001,0.3624695166929317,0.10000000000000001,-1,5.0000000000000002e-05,0.20000000000000001,941.6655263068792,1.8955812699505969e-06,2.527372225124825e-05,7.543976035158796e-05,0
0.00051099890000000001,0.3624695166929317,0.10000000000000001,-1,5.0000000000000002e-05,4.0000000000000003e-05,0.19345067717556697,8.0158102377936302e-14,1.0666561651814964e-12,3.1839550741998781e-12,1
0.00051099890000000001,0.3624695166929317,0.10000000000000001,-1,0.01,0.20000000000000001,4.7083276315344387,1.8955812699505969e-06,2.5273722251247552e-05,7.5439760351587973e-05,0
0.00051099890000000001,0.3624695166929317,0.10000000000000001,-1,0.01,4.0000000000000003e-05,0.00096725338587783473,7.9936057773011271e-14,1.0666701765329727e-12,3.1839550741998781e-12,1
0.00051099890000000001,0.3624695166929317,0.10000000000000001,1,5.0000000000000002e-05,0.20000000000000001,941.6655263068792,1.8955812699505969e-06,2.527372225124825e-05,7.543976035158796e-05,0
0.00051099890000000001,0.3624695166929317,0.10000000000000001,1,5.0000000000000002e-05,4.0000000000000003e-05,0.19345067717556697,8.0158102377936302e-14,1.0666561651814964e-12,3.1839550741998781e-12,1
0.00051099890000000001,0.3624695166929317,0.10000000000000001,1,0.01,0.20000000000000001,4.7083276315344387,1.8955812699505969e-06,2.5273722251247552e-05,7.5439760351587973e-05,0
0.00051099890000000001,0.3624695166929317,0.10000000000000001,1,0.01,4.0000000000000003e-05,0.00096725338587783473,7.9936057773011271e-14,1.0666701765329727e-12,3.1839550741998781e-12,1
0.00051099890000000001,0.3624695166929317,0.70710678118654746,-1,5.0000000000000002e-05,0.20000000000000001,6658.5807926119614,0.0047277817065183303,0.008923169580850732,0.018874998690750305,0
0.00051099890000000001,0.3624695166929317,0.70710678118654746,-1,5.0000000000000002e-05,4.0000000000000003e-05,1.3679028565597309,2.000000165480742e-10,3.7712360686938426e-10,8.0000002550337573e-10,1
0.00051099890000000001,0.3624695166929317,0.70710678118654746,-1,0.01,0.20000000000000001,33.2929039630598,0.0047277817065183303,0.0089231695808506626,0.018874998690750305,0
0.00051099890000000001,0.3624695166929317,0.70710678118654746,-1,0.01,4.0000000000000003e-05,0.0068395142827986531,2.000000165480742e-10,3.7712358150612892e-10,8.0000002550337573e-10,1
0.00051099890000000001,0.3624695166929317,0.70710678118654746,1,5.0000000000000002e-05,0.20000000000000001,6658.5807926119614,0.0047277817065183303,0.008923169580850732,0.018874998690750305,0
0.00051099890000000001,0.3624695166929317,0.70710678118654746,1,5.0000000000000002e-05,4.0000000000000003e-05,1.3679028565597309,2.000000165480742e-10,3.7712360686938426e-10,8.0000002550337573e-10,1
0.00051099890000000001,0.3624695166929317,0.70710678118654746,1,0.01,0.20000000000000001,33.2929039630598,0.0047277817065183303,0.0089231695808506626,0.018874998690750305,0
0.00051099890000000001,0.3624695166929317,0.70710678118654746,1,0.01,4.0000000000000003e-05,0.0068395142827986531,2.000000165480742e-10,3.7712358150612892e-10,8.0000002550337573e-10,1
0.00051099890000000001,0.3624695166929317,1,-1,5.0000000000000002e-05,0.20000000000000001,9416.6552630688275,0.018779495932070844,0.025202681532503879,0.01806698947714571,0
0.00051099890000000001,0.3624695166929317,1,-1,5.0000000000000002e-05,4.0000000000000003e-05,1.9345067717556697,8.000000661922968e-10,1.0666667539391431e-09,1.7066667632077703e-13,1
0.00051099890000000001,0.3624695166929317,1,-1,0.01,0.20000000000000001,47.083276315344136,0.018779495932070844,0.025202681532503941,0.018066989477145658,0
0.00051099890000000001,0.3624695166929317,1,-1,0.01,4.0000000000000003e-05,0.0096725338587783493,8.000000661922968e-10,1.0666667467653313e-09,1.7066666276824988e-13,1
0.00051099890000000001,0.3624695166929317,1,1,5.0000000000000002e-05,0.20000000000000001,9416.6552630688275,0.018779495932070844,0.025202681532503879,0.01806698947714571,0
0.00051099890000000001,0.3624695166929317,1,1,5.0000000000000002e-05,4.0000000000000003e-05,1.9345067717556697,8.000000661922968e-10,1.0666667539391431e-09,1.7066667632077703e-13,1
0.00051099890000000001,0.3624695166929317,1,1,0.01,0.20000000000000001,47.083276315344136,0.018779495932070844,0.025202681532503941,0.018066989477145658,0
0.00051099890000000001,0.3624695166929317,1,1,0.01,4.0000000000000003e-05,0.0096725338587783493,8.000000661922968e-10,1.0666667467653313e-09,1.7066666276824988e-13,1
0.00051099890000000001,1,0,-1,5.0000000000000002e-05,0.20000000000000001,100,0,0,0,1
0.00051099890000000001,1,0,-1,5.0000000000000002e-05,4.0000000000000003e-05,100,0,0,0,1
0.00051099890000000001,1,0,-1,0.01,0.20000000000000001,100,0,0,0,1
0.00051099890000000001,1,0,-1,0.01,4.0000000000000003e-05,100,0,0,0,1
0.00051099890000000001,1,0,1,5.0000000000000002e-05,0.20000000000000001,100,0,0,0,1
0.00051099890000000001,1,0,1,5.0000000000000002e-05,4.0000000000000003e-05,100,0,0,0,1
0.00051099890000000001,1,0,1,0.01,0.20000000000000001,100,0,0,0,1
0.00051099890000000001,1,0,1,0.01,4.0000000000000003e-05,100,0,0,0,1
0.00051099890000000001,1,1.0000000000000001e-09,-1,5.0000000000000002e-05,0.20000000000000001,100,0,7.49481337783021e-13,1.498962628788217e-12,1
0.00051099890000000001,1,1.0000000000000001e-09,-1,5.0000000000000002e-05,4.0000000000000003e-05,100,0,7.49481337783021e-13,1.498962628788217e-12,1
0.00051099890000000001,1,1.0000000000000001e-09,-1,0.01,0.20000000000000001,100,0,1.4952242785623815e-10,2.9867114656111693e-10,1
0.00051099890000000001,1,1.0000000000000001e-09,-1,0.01,4.0000000000000003e-05,100,0,1.4952242785623815e-10,2.9867114656111693e-10,1
0.00051099890000000001,1,1.0000000000000001e-09,1,5.0000000000000002e-05,0.20000000000000001,100,0,7.49481337783021e-13,1.498962628788217e-12,1
0.00051099890000000001,1,1.0000000000000001e-09,1,5.0000000000000002e-05,4.0000000000000003e-05,100,0,7.49481337783021e-13,1.498962628788217e-12,1
0.00051099890000000001,1,1.0000000000000001e-09,1,0.01,0.20000000000000001,100,0,1.4952242785623815e-10,2.9867114656111693e-10,1
0.00051099890000000001,1,1.0000000000000001e-09,1,0.01,4.0000000000000003e-05,100,0,1.4952242785623815e-10,2.9867114656111693e-10,1
0.00051099890000000001,1,1.0000000000000001e-05,-1,5.0000000000000002e-05,0.20000000000000001,0.25979189035470923,0,2.527647385230646e-17,7.5823001306479835e-17,1
0.00051099890000000001,1,1.0000000000000001e-05,-1,5.0000000000000002e-05,4.0000000000000003e-05,5.3370238115748607e-05,0,4.5107770088319321e-31,1.5777218104420236e-30,1
0.00051099890000000001,1,1.0000000000000001e-05,-1,0.01,0.20000000000000001,0.001298958683309575,-2.2204460492503131e-16,2.527470575784342e-17,7.5823001306479822e-17,1
0.00051099890000000001,1,1.0000000000000001e-05,-1,0.01,4.0000000000000003e-05,2.66851190578743e-07,0,1.5135656041001449e-21,0,1
0.00051099890000000001,1,1.0000000000000001e-05,1,5.0000000000000002e-05,0.20000000000000001,0.25979189035470923,0,2.527647385230646e-17,7.5823001306479835e-17,1
0.00051099890000000001,1,1.0000000000000001e-05,1,5.0000000000000002e-05,4.0000000000000003e-05,5.3370238115748607e-05,0,4.5107770088319321e-31,1.5777218104420236e-30,1
0.00051099890000000001,1,1.0000000000000001e-05,1,0.01,0.20000000000000001,0.001298958683309575,-2.2204460492503131e-16,2.527470575784342e-17,7.5823001306479822e-17,1
0.00051099890000000001,1,1.0000000000000001e-05,1,0.01,4.0000000000000003e-05,2.66851190578743e-07,0,1.5135656041001449e-21,0,1
0.00051099890000000001,1,0.10000000000000001,-1,5.0000000000000002e-05,0.20000000000000001,2597.9187097276995,1.8955812699505969e-06,2.5273722251230245e-05,7.543976035158796e-05,0
0.00051099890000000001,1,0.10000000000000001,-1,5.0000000000000002e-05,4.0000000000000003e-05,0.53370238115748603,7.9936057773011271e-14,1.0666762837458892e-12,3.1839550741998781e-12,1
0.00051099890000000001,1,0.10000000000000001,-1,0.01,0.20000000000000001,12.989593548638615,1.8955812699505969e-06,2.5273722251255321e-05,7.543976035158796e-05,0
0.00051099890000000001,1,0.10000000000000001,-1,0.01,4.0000000000000003e-05,0.00266851190578743,7.9936057773011271e-14,1.0666860348180441e-12,3.1839550741998781e-12,1
0.00051099890000000001,1,0.10000000000000001,1,5.0000000000000002e-05,0.20000000000000001,2597.9187097276995,1.8955812699505969e-06,2.5273722251230245e-05,7.543976035158796e-05,0
0.00051099890000000001,1,0.10000000000000001,1,5.0000000000000002e-05,4.0000000000000003e-05,0.53370238115748603,7.9936057773011271e-14,1.0666762837458892e-12,3.1839550741998781e-12,1
0.00051099890000000001,1,0.10000000000000001,1,0.01,0.20000000000000001,12.989593548638615,1.8955812699505969e-06,2.5273722251255321e-05,7.543976035158796e-05,0
0.00051099890000000001,1,0.10000000000000001,1,0.01,4.0000000000000003e-05,0.00266851190578743,7.9936057773011271e-14,1.0666860348180441e-12,3.1839550741998781e-12,1
0.00051099890000000001,1,0.70710678118654746,-1,5.0000000000000002e-05,0.20000000000000001,18370.059366198697,0.0047277817065183303,0.0089231695808505707,0.018874998690750305,0
0.00051099890000000001,1,0.70710678118654746,-1,5.0000000000000002e-05,4.0000000000000003e-05,3.7738457285186588,1.9999979450346927e-10,3.7712364100464003e-10,8.0000002550337553e-10,1
0.00051099890000000001,1,0.70710678118654746,-1,0.01,0.20000000000000001,91.850296830993472,0.0047277817065183303,0.0089231695808507389,0.018874998690750305,0
0.00051099890000000001,1,0.70710678118654746,-1,0.01,4.0000000000000003e-05,0.018869228642593293,2.000000165480742e-10,3.771236152631228e-10,8.0000002550337573e-10,1
0.00051099890000000001,1,0.70710678118654746,1,5.0000000000000002e-05,0.20000000000000001,18370.059366198697,0.0047277817065183303,0.0089231695808505707,0.018874998690750305,0
0.00051099890000000001,1,0.70710678118654746,1,5.0000000000000002e-05,4.0000000000000003e-05,3.7738457285186588,1.9999979450346927e-10,3.7712364100464003e-10,8.0000002550337553e-10,1
0.00051099890000000001,1,0.70710678118654746,1,0.01,0.20000000000000001,91.850296830993472,0.0047277817065183303,0.0089231695808507389,0.018874998690750305,0
0.00051099890000000001,1,0.70710678118654746,1,0.01,4.0000000000000003e-05,0.018869228642593293,2.000000165480742e-10,3.771236152631228e-10,8.0000002550337573e-10,1
0.00051099890000000001,1,1,-1,5.0000000000000002e-05,0.20000000000000001,25979.187097277096,0.018779495932070844,0.025202681532503966,0.018066989477145658,0
0.00051099890000000001,1,1,-1,5.0000000000000002e-05,4.0000000000000003e-05,5.3370238115748601,8.000000661922968e-10,1.0666667357072351e-09,1.7066666276824988e-13,1
0.00051099890000000001,1,1,-1,0.01,0.20000000000000001,129.89593548638547,0.018779495932070844,0.025202681532503966,0.01806698947714571,0
0.00051099890000000001,1,1,-1,0.01,4.0000000000000003e-05,0.026685119057874299,8.000000661922968e-10,1.0666666628992296e-09,1.7066666276824988e-13,1
0.00051099890000000001,1,1,1,5.0000000000000002e-05,0.20000000000000001,25979.187097277096,0.018779495932070844,0.025202681532503966,0.018066989477145658,0
0.00051099890000000001,1,1,1,5.0000000000000002e-05,4.0000000000000003e-05,5.3370238115748601,8.000000661922968e-10,1.0666667357072351e-09,1.7066666276824988e-13,1
0.00051099890000000001,1,1,1,0.01,0.20000000000000001,129.89593548638547,0.018779495932070844,0.025202681532503966,0.01806698947714571,0
0.00051099890000000001,1,1,1,0.01,4.0000000000000003e-05,0.026685119057874299,8.000000661922968e-10,1.0666666628992296e-09,1.7066666276824988e-13,1
0.00051099890000000001,1000,0,-1,5.0000000000000002e-05,0.20000000000000001,100,0,0,0,1
0.00051099890000000001,1000,0,-1,5.0000000000000002e-05,4.0000000000000003e-05,100,0,0,0,1
0.00051099890000000001,1000,0,-1,0.01,0.20000000000000001,100,0,0,0,1
0.00051099890000000001,1000,0,-1,0.01,4.0000000000000003e-05,100,0,0,0,1
0.00051099890000000001,1000,0,1,5.0000000000000002e-05,0.20000000000000001,100,0,0,0,1
0.00051099890000000001,1000,0,1,5.0000000000000002e-05,4.0000000000000003e-05,100,0,0,0,1
0.00051099890000000001,1000,0,1,0.01,0.20000000000000001,100,0,0,0,1
0.00051099890000000001,1000,0,1,0.01,4.0000000000000003e-05,100,0,0,0,1
0.00051099890000000001,1000,1.0000000000000001e-09,-1,5.0000000000000002e-05,0.20000000000000001,100,0,7.4948128670864823e-16,1.4989625734172501e-15,1
0.00051099890000000001,1000,1.0000000000000001e-09,-1,5.0000000000000002e-05,4.0000000000000003e-05,5.3370245083757975e-06,0,0,0,1
0.00051099890000000001,1000,1.0000000000000001e-09,-1,0.01,0.20000000000000001,100,0,1.4989625696751661e-13,2.9979251356081068e-13,1
0.00051099890000000001,1000,1.0000000000000001e-09,-1,0.01,4.0000000000000003e-05,2.6685122541878988e-08,0,1.1547587634958634e-25,1.1754943508222875e-38,1
0.00051099890000000001,1000,1.0000000000000001e-09,1,5.0000000000000002e-05,0.20000000000000001,100,0,7.4948128670864823e-16,1.4989625734172501e-15,1
0.00051099890000000001,1000,1.0000000000000001e-09,1,5.0000000000000002e-05,4.0000000000000003e-05,5.3370245083757975e-06,0,0,0,1
0.00051099890000000001,1000,1.0000000000000001e-09,1,0.01,0.20000000000000001,100,0,1.4989625696751661e-13,2.9979251356081068e-13,1
0.00051099890000000001,1000,1.0000000000000001e-09,1,0.01,4.0000000000000003e-05,2.6685122541878988e-08,0,1.1547587634958634e-25,1.1754943508222875e-38,1
0.00051099890000000001,1000,1.0000000000000001e-05,-1,5.0000000000000002e-05,0.20000000000000001,259.79192427309505,0,2.5275466340292074e-17,7.5823001306479835e-17,1
0.00051099890000000001,1000,1.0000000000000001e-05,-1,5.0000000000000002e-05,4.0000000000000003e-05,0.053370245083757976,0,1.983860449593653e-21,1.5777218104420236e-30,1
0.00051099890000000001,1000,1.0000000000000001e-05,-1,0.01,0.20000000000000001,1.2989588529014036,0,2.5276159462750036e-17,7.5823001306479835e-17,1
0.00051099890000000001,1000,1.0000000000000001e-05,-1,0.01,4.0000000000000003e-05,0.00026685122541878989,0,1.5498909762450414e-21,1.5777218104420236e-30,1
0.00051099890000000001,1000,1.0000000000000001e-05,1,5.0000000000000002e-05,0.20000000000000001,259.79192427309505,0,2.5275466340292074e-17,7.5823001306479835e-17,1
0.00051099890000000001,1000,1.0000000000000001e-05,1,5.0000000000000002e-05,4.0000000000000003e-05,0.053370245083757976,0,1.983860449593653e-21,1.5777218104420236e-30,1
0.00051099890000000001,1000,1.0000000000000001e-05,1,0.01,0.20000000000000001,1.2989588529014036,0,2.5276159462750036e-17,7.5823001306479835e-17,1
0.00051099890000000001,1000,1.0000000000000001e-05,1,0.01,4.0000000000000003e-05,0.00026685122541878989,0,1.5498909762450414e-21,1.5777218104420236e-30,1
0.00051099890000000001,1000,0.10000000000000001,-1,5.0000000000000002e-05,0.20000000000000001,2597919.0489115324,1.8955812699505969e-06,2.5273722251237563e-05,7.543976035158796e-05,0
0.00051099890000000001,1000,0.10000000000000001,-1,5.0000000000000002e-05,4.0000000000000003e-05,533.70245083757982,7.9936057773011271e-14,1.066661270847378e-12,3.1839550741998781e-12,1
0.00051099890000000001,1000,0.10000000000000001,-1,0.01,0.20000000000000001,12989.595244557782,1.8955812699505969e-06,2.5273722251243635e-05,7.543976035158796e-05,0
0.00051099890000000001,1000,0.10000000000000001,-1,0.01,4.0000000000000003e-05,2.6685122541878985,8.0158102377936302e-14,1.0666579424818506e-12,3.1839550741998781e-12,1
0.00051099890000000001,1000,0.10000000000000001,1,5.0000000000000002e-05,0.20000000000000001,2597919.0489115324,1.8955812699505969e-06,2.5273722251237563e-05,7.543976035158796e-05,0
0.00051099890000000001,1000,0.10000000000000001,1,5.0000000000000002e-05,4.0000000000000003e-05,533.70245083757982,7.9936057773011271e-14,1.066661270847378e-12,3.1839550741998781e-12,1
0.00051099890000000001,1000,0.10000000000000001,1,0.01,0.20000000000000001,12989.595244557782,1.8955812699505969e-06,2.5273722251243635e-05,7.543976035158796e-05,0
0.00051099890000000001,1000,0.10000000000000001,1,0.01,4.0000000000000003e-05,2.6685122541878985,8.0158102377936302e-14,1.0666579424818506e-12,3.1839550741998781e-12,1
0.00051099890000000001,1000,0.70710678118654746,-1,5.0000000000000002e-05,0.20000000000000001,18370061.764590576,0.0047277817065181083,0.0089231695808507303,0.018874998690750301,0
0.00051099890000000001,1000,0.70710678118654746,-1,5.0000000000000002e-05,4.0000000000000003e-05,3773.8462212313266,2.000000165480742e-10,3.7712370473591897e-10,8.0000002550337553e-10,1
0.00051099890000000001,1000,0.70710678118654746,-1,0.01,0.20000000000000001,91850.308822952866,0.0047277817065183303,0.0089231695808507198,0.018874998690750305,0
0.00051099890000000001,1000,0.70710678118654746,-1,0.01,4.0000000000000003e-05,18.869231106156629,2.000000165480742e-10,3.7712368590784035e-10,8.0000002550337573e-10,1
0.00051099890000000001,1000,0.70710678118654746,1,5.0000000000000002e-05,0.20000000000000001,18370061.764590576,0.0047277817065181083,0.0089231695808507303,0.018874998690750301,0
0.00051099890000000001,1000,0.70710678118654746,1,5.0000000000000002e-05,4.0000000000000003e-05,3773.8462212313266,2.000000165480742e-10,3.7712370473591897e-10,8.0000002550337553e-10,1
0.00051099890000000001,1000,0.70710678118654746,1,0.01,0.20000000000000001,91850.308822952866,0.0047277817065183303,0.0089231695808507198,0.018874998690750305,0
0.00051099890000000001,1000,0.70710678118654746,1,0.01,4.0000000000000003e-05,18.869231106156629,2.000000165480742e-10,3.7712368590784035e-10,8.0000002550337573e-10,1
0.00051099890000000001,1000,1,-1,5.0000000000000002e-05,0.20000000000000001,25979190.489115421,0.018779495932070844,0.025202681532504028,0.018066989477145606,0
0.00051099890000000001,1000,1,-1,5.0000000000000002e-05,4.0000000000000003e-05,5337.0245083757973,7.9999984414769187e-10,1.0666667455541981e-09,1.7066666276824988e-13,1
0.00051099890000000001,1000,1,-1,0.01,0.20000000000000001,129895.95244557712,0.018779495932070844,0.025202681532503973,0.01806698947714571,0
0.00051099890000000001,1000,1,-1,0.01,4.0000000000000003e-05,26.685122541878989,7.9999984414769187e-10,1.0666667295780437e-09,1.7066666276824988e-13,1
0.00051099890000000001,1000,1,1,5.0000000000000002e-05,0.20000000000000001,25979190.489115421,0.018779495932070844,0.025202681532504028,0.018066989477145606,0
0.00051099890000000001,1000,1,1,5.0000000000000002e-05,4.0000000000000003e-05,5337.0245083757973,7.9999984414769187e-10,1.0666667455541981e-09,1.7066666276824988e-13,1
0.00051099890000000001,1000,1,1,0.01,0.20000000000000001,129895.95244557712,0.018779495932070844,0.025202681532503973,0.01806698947714571,0
0.00051099890000000001,1000,1,1,0.01,4.0000000000000003e-05,26.685122541878989,7.9999984414769187e-10,1.0666667295780437e-09,1.7066666276824988e-13,1
0.00051099890000000001,10000,0,-1,5.0000000000000002e-05,0.20000000000000001,100,0,0,0,1
0.00051099890000000001,10000,0,-1,5.0000000000000002e-05,4.0000000000000003e-05,100,0,0,0,1
0.00051099890000000001,10000,0,-1,0.01,0.20000000000000001,100,0,0,0,1
0.00051099890000000001,10000,0,-1,0.01,4.0000000000000003e-05,100,0,0,0,1
0.00051099890000000001,10000,0,1,5.0000000000000002e-05,0.20000000000000001,100,0,0,0,1
0.00051099890000000001,10000,0,1,5.0000000000000002e-05,4.0000000000000003e-05,100,0,0,0,1
0.00051099890000000001,10000,0,1,0.01,0.20000000000000001,100,0,0,0,1
0.00051099890000000001,10000,0,1,0.01,4.0000000000000003e-05,100,0,0,0,1
0.00051099890000000001,10000,1.0000000000000001e-09,-1,5.0000000000000002e-05,0.20000000000000001,100,0,7.4948128670859792e-17,1.4989625734171956e-16,1
0.00051099890000000001,10000,1.0000000000000001e-09,-1,5.0000000000000002e-05,4.0000000000000003e-05,5.3370245083764866e-05,0,0,0,1
0.00051099890000000001,10000,1.0000000000000001e-09,-1,0.01,0.20000000000000001,100,0,1.4989625733797744e-14,2.9979251467221259e-14,1
0.00051099890000000001,10000,1.0000000000000001e-09,-1,0.01,4.0000000000000003e-05,2.6685122541882437e-07,0,1.8476140215931427e-25,1.1754943508222875e-38,1
0.00051099890000000001,10000,1.0000000000000001e-09,1,5.0000000000000002e-05,0.20000000000000001,100,0,7.4948128670859792e-17,1.4989625734171956e-16,1
0.00051099890000000001,10000,1.0000000000000001e-09,1,5.0000000000000002e-05,4.0000000000000003e-05,5.3370245083764866e-05,0,0,0,1
0.00051099890000000001,10000,1.0000000000000001e-09,1,0.01,0.20000000000000001,100,0,1.4989625733797744e-14,2.9979251467221259e-14,1
0.00051099890000000001,10000,1.0000000000000001e-09,1,0.01,4.0000000000000003e-05,2.6685122541882437e-07,0,1.8476140215931427e-25,1.1754943508222875e-38,1
0.00051099890000000001,10000,1.0000000000000001e-05,-1,5.0000000000000002e-05,0.20000000000000001,2597.919242731286,0,2.5275132472428821e-17,7.5823001306479822e-17,1
0.00051099890000000001,10000,1.0000000000000001e-05,-1,5.0000000000000002e-05,4.0000000000000003e-05,0.53370245083764878,0,7.3904560863725709e-31,1.5777218104420236e-30,1
0.00051099890000000001,10000,1.0000000000000001e-05,-1,0.01,0.20000000000000001,12.989588529015716,0,2.5273811952967452e-17,7.5823001306479822e-17,1
0.00051099890000000001,10000,1.0000000000000001e-05,-1,0.01,4.0000000000000003e-05,0.0026685122541882434,-1.1102230246251565e-16,1.2399127809958729e-21,1.5777218104420236e-30,1
0.00051099890000000001,10000,1.0000000000000001e-05,1,5.0000000000000002e-05,0.20000000000000001,2597.919242731286,0,2.5275132472428821e-17,7.5823001306479822e-17,1
0.00051099890000000001,10000,1.0000000000000001e-05,1,5.0000000000000002e-05,4.0000000000000003e-05,0.53370245083764878,0,7.3904560863725709e-31,1.5777218104420236e-30,1
0.00051099890000000001,10000,1.0000000000000001e-05,1,0.01,0.20000000000000001,12.989588529015716,0,2.5273811952967452e-17,7.5823001306479822e-17,1
0.00051099890000000001,10000,1.0000000000000001e-05,1,0.01,4.0000000000000003e-05,0.0026685122541882434,-1.1102230246251565e-16,1.2399127809958729e-21,1.5777218104420236e-30,1
0.00051099890000000001,10000,0.10000000000000001,-1,5.0000000000000002e-05,0.20000000000000001,25979190.48911868,1.8955812699505969e-06,2.527372225123878e-05,7.543976035158796e-05,0
0.00051099890000000001,10000,0.10000000000000001,-1,5.0000000000000002e-05,4.0000000000000003e-05,5337.0245083764867,7.9936057773011271e-14,1.0666745843093509e-12,3.1839550741998781e-12,1
0.00051099890000000001,10000,0.10000000000000001,-1,0.01,0.20000000000000001,129895.95244559459,1.8955812699505969e-06,2.5273722251236869e-05,7.543976035158796e-05,0
0.00051099890000000001,10000,0.10000000000000001,-1,0.01,4.0000000000000003e-05,26.685122541882436,7.9936057773011271e-14,1.0666579424817126e-12,3.1839550741998781e-12,1
0.00051099890000000001,10000,0.10000000000000001,1,5.0000000000000002e-05,0.20000000000000001,25979190.48911868,1.8955812699505969e-06,2.527372225123878e-05,7.543976035158796e-05,0
0.00051099890000000001,10000,0.10000000000000001,1,5.0000000000000002e-05,4.0000000000000003e-05,5337.0245083764867,7.9936057773011271e-14,1.0666745843093509e-12,3.1839550741998781e-12,1
0.00051099890000000001,10000,0.10000000000000001,1,0.01,0.20000000000000001,129895.95244559459,1.8955812699505969e-06,2.5273722251236869e-05,7.543976035158796e-05,0
0.00051099890000000001,10000,0.10000000000000001,1,0.01,4.0000000000000003e-05,26.685122541882436,7.9936057773011271e-14,1.0666579424817126e-12,3.1839550741998781e-12,1
0.00051099890000000001,10000,0.70710678118654746,-1,5.0000000000000002e-05,0.20000000000000001,183700617.64592952,0.0047277817065183303,0.0089231695808506695,0.018874998690750308,0
0.00051099890000000001,10000,0.70710678118654746,-1,5.0000000000000002e-05,4.0000000000000003e-05,37738.462212318147,2.000000165480742e-10,3.7712358423616667e-10,8.0000002550337553e-10,1
0.00051099890000000001,10000,0.70710678118654746,-1,0.01,0.20000000000000001,918503.08822964749,0.0047277817065183303,0.0089231695808506921,0.018874998690750305,0
0.00051099890000000001,10000,0.70710678118654746,-1,0.01,4.0000000000000003e-05,188.69231106159069,2.000000165480742e-10,3.7712355411124086e-10,8.0000002550337553e-10,1
0.00051099890000000001,10000,0.70710678118654746,1,5.0000000000000002e-05,0.20000000000000001,183700617.64592952,0.0047277817065183303,0.0089231695808506695,0.018874998690750308,0
0.00051099890000000001,10000,0.70710678118654746,1,5.0000000000000002e-05,4.0000000000000003e-05,37738.462212318147,2.000000165480742e-10,3.7712358423616667e-10,8.0000002550337553e-10,1
0.00051099890000000001,10000,0.70710678118654746,1,0.01,0.20000000000000001,918503.08822964749,0.0047277817065183303,0.0089231695808506921,0.018874998690750305,0
0.00051099890000000001,10000,0.70710678118654746,1,0.01,4.0000000000000003e-05,188.69231106159069,2.000000165480742e-10,3.7712355411124086e-10,8.0000002550337553e-10,1
0.00051099890000000001,10000,1,-1,5.0000000000000002e-05,0.20000000000000001,259791904.89118779,0.018779495932070844,0.025202681532503907,0.018066989477145658,0
0.00051099890000000001,10000,1,-1,5.0000000000000002e-05,4.0000000000000003e-05,53370.245083764872,8.000000661922968e-10,1.0666667114715971e-09,1.7066666276824988e-13,1
0.00051099890000000001,10000,1,-1,0.01,0.20000000000000001,1298959.524455939,0.018779495932070844,0.025202681532504007,0.018066989477145658,0
0.00051099890000000001,10000,1,-1,0.01,4.0000000000000003e-05,266.85122541882436,8.000000661922968e-10,1.0666667029509819e-09,1.7066664921572272e-13,1
0.00051099890000000001,10000,1,1,5.0000000000000002e-05,0.20000000000000001,259791904.89118779,0.018779495932070844,0.025202681532503907,0.018066989477145658,0
0.00051099890000000001,10000,1,1,5.0000000000000002e-05,4.0000000000000003e-05,53370.245083764872,8.000000661922968e-10,1.0666667114715971e-09,1.7066666276824988e-13,1
0.00051099890000000001,10000,1,1,0.01,0.20000000000000001,1298959.524455939,0.018779495932070844,0.025202681532504007,0.018066989477145658,0
0.00051099890000000001,10000,1,1,0.01,4.0000000000000003e-05,266.85122541882436,8.000000661922968e-10,1.0666667029509819e-09,1.7066664921572272e-13,1
0.1056584,0.3624695166929317,0,-1,5.0000000000000002e-05,0.20000000000000001,100,0,0,0,1
0.1056584,0.3624695166929317,0,-1,5.0000000000000002e-05,4.0000000000000003e-05,100,0,0,0,1
0.1056584,0.3624695166929317,0,-1,0.01,0.20000000000000001,100,0,0,0,1
0.1056584,0.3624695166929317,0,-1,0.01,4.0000000000000003e-05,100,0,0,0,1
0.1056584,0.3624695166929317,0,1,5.0000000000000002e-05,0.20000000000000001,100,0,0,0,1
0.1056584,0.3624695166929317,0,1,5.0000000000000002e-05,4.0000000000000003e-05,100,0,0,0,1
0.1056584,0.3624695166929317,0,1,0.01,0.20000000000000001,100,0,0,0,1
0.1056584,0.3624695166929317,0,1,0.01,4.0000000000000003e-05,100,0,0,0,1
0.1056584,0.3624695166929317,1.0000000000000001e-09,-1,5.0000000000000002e-05,0.20000000000000001,100,0,2.1615803719780475e-12,4.3231596217510762e-12,1
0.1056584,0.3624695166929317,1.0000000000000001e-09,-1,5.0000000000000002e-05,4.0000000000000003e-05,100,0,2.1615803719780475e-12,4.3231596217510762e-12,1
0.1056584,0.3624695166929317,1.0000000000000001e-09,-1,0.01,0.20000000000000001,100,0,4.2341298691545091e-10,8.3795023709902167e-10,1
0.1056584,0.3624695166929317,1.0000000000000001e-09,-1,0.01,4.0000000000000003e-05,100,0,4.2341298691545091e-10,8.3795023709902167e-10,1
0.1056584,0.3624695166929317,1.0000000000000001e-09,1,5.0000000000000002e-05,0.20000000000000001,100,0,2.1615803719780475e-12,4.3231596217510762e-12,1
0.1056584,0.3624695166929317,1.0000000000000001e-09,1,5.0000000000000002e-05,4.0000000000000003e-05,100,0,2.1615803719780475e-12,4.3231596217510762e-12,1
0.1056584,0.3624695166929317,1.0000000000000001e-09,1,0.01,0.20000000000000001,100,0,4.2341298691545091e-10,8.3795023709902167e-10,1
0.1056584,0.3624695166929317,1.0000000000000001e-09,1,0.01,4.0000000000000003e-05,100,0,4.2341298691545091e-10,8.3795023709902167e-10,1
0.1056584,0.3624695166929317,1.0000000000000001e-05,-1,5.0000000000000002e-05,0.20000000000000001,0.090077189411869096,0,2.5275196728132342e-17,7.5823001306479822e-17,1
0.1056584,0.3624695166929317,1.0000000000000001e-05,-1,5.0000000000000002e-05,4.0000000000000003e-05,1.8504969655307407e-05,0,0,0,1
0.1056584,0.3624695166929317,1.0000000000000001e-05,-1,0.01,0.20000000000000001,0.00045038568061117195,-1.1102230246251565e-16,2.5275358609342485e-17,7.5823001306479822e-17,1
0.1056584,0.3624695166929317,1.0000000000000001e-05,-1,0.01,4.0000000000000003e-05,9.2524848276537048e-08,0,0,0,1
0.1056584,0.3624695166929317,1.0000000000000001e-05,1,5.0000000000000002e-05,0.20000000000000001,0.090077189411869096,0,2.5275196728132342e-17,7.5823001306479822e-17,1
0.1056584,0.3624695166929317,1.0000000000000001e-05,1,5.0000000000000002e-05,4.0000000000000003e-05,1.8504969655307407e-05,0,0,0,1
0.1056584,0.3624695166929317,1.0000000000000001e-05,1,0.01,0.20000000000000001,0.00045038568061117195,-1.1102230246251565e-16,2.5275358609342485e-17,7.5823001306479822e-17,1
0.1056584,0.3624695166929317,1.0000000000000001e-05,1,0.01,4.0000000000000003e-05,9.2524848276537048e-08,0,0,0,1
0.1056584,0.3624695166929317,0.10000000000000001,-1,5.0000000000000002e-05,0.20000000000000001,900.77182691603082,1.8955812699505969e-06,2.5273722251238556e-05,7.543976035158796e-05,1
0.1056584,0.3624695166929317,0.10000000000000001,-1,5.0000000000000002e-05,4.0000000000000003e-05,0.18504969655307404,8.0158102377936302e-14,1.066671543453621e-12,3.1839550741998781e-12,1
0.1056584,0.3624695166929317,0.10000000000000001,-1,0.01,0.20000000000000001,4.5038591345801953,1.8955812699505969e-06,2.5273722251243754e-05,7.543976035158796e-05,1
0.1056584,0.3624695166929317,0.10000000000000001,-1,0.01,4.0000000000000003e-05,0.00092524848276537026,7.9936057773011271e-14,1.0666709575557824e-12,3.1839550741998781e-12,1
0.1056584,0.3624695166929317,0.10000000000000001,1,5.0000000000000002e-05,0.20000000000000001,900.77182691603082,1.8955812699505969e-06,2.5273722251238556e-05,7.543976035158796e-05,1
0.1056584,0.3624695166929317,0.10000000000000001,1,5.0000000000000002e-05,4.0000000000000003e-05,0.18504969655307404,8.0158102377936302e-14,1.066671543453621e-12,3.1839550741998781e-12,1
0.1056584,0.3624695166929317,0.10000000000000001,1,0.01,0.20000000000000001,4.5038591345801953,1.8955812699505969e-06,2.5273722251243754e-05,7.543976035158796e-05,1
0.1056584,0.3624695166929317,0.10000000000000001,1,0.01,4.0000000000000003e-05,0.00092524848276537026,7.9936057773011271e-14,1.0666709575557824e-12,3.1839550741998781e-12,1
0.1056584,0.3624695166929317,0.70710678118654746,-1,5.0000000000000002e-05,0.20000000000000001,6369.4186711412294,0.0047277817065183303,0.0089231695808506626,0.018874998690750305,1
0.1056584,0.3624695166929317,0.70710678118654746,-1,5.0000000000000002e-05,4.0000000000000003e-05,1.3084989528919158,2.000000165480742e-10,3.7712359090352422e-10,8.0000002550337573e-10,1
0.1056584,0.3624695166929317,0.70710678118654746,-1,0.01,0.20000000000000001,31.847093355706139,0.0047277817065181083,0.0089231695808506747,0.018874998690750301,1
0.1056584,0.3624695166929317,0.70710678118654746,-1,0.01,4.0000000000000003e-05,0.0065424947644595775,2.000000165480742e-10,3.771234848446866e-10,8.0000002550337573e-10,1
0.1056584,0.3624695166929317,0.70710678118654746,1,5.0000000000000002e-05,0.20000000000000001,6369.4186711412294,0.0047277817065183303,0.0089231695808506626,0.018874998690750305,1
0.1056584,0.3624695166929317,0.70710678118654746,1,5.0000000000000002e-05,4.0000000000000003e-05,1.3084989528919158,2.000000165480742e-10,3.7712359090352422e-10,8.0000002550337573e-10,1
0.1056584,0.3624695166929317,0.70710678118654746,1,0.01,0.20000000000000001,31.847093355706139,0.0047277817065181083,0.0089231695808506747,0.018874998690750301,1
0.1056584,0.3624695166929317,0.70710678118654746,1,0.01,4.0000000000000003e-05,0.0065424947644595775,2.000000165480742e-10,3.771234848446866e-10,8.0000002550337573e-10,1
0.1056584,0.3624695166929317,1,-1,5.0000000000000002e-05,0.20000000000000001,9007.718269160343,0.018779495932070622,0.025202681532504004,0.01806698947714571,1
0.1056584,0.3624695166929317,1,-1,5.0000000000000002e-05,4.0000000000000003e-05,1.8504969655307406,8.000000661922968e-10,1.0666667139917578e-09,1.7066666276824988e-13,1
0.1056584,0.3624695166929317,1,-1,0.01,0.20000000000000001,45.038591345801713,0.018779495932070844,0.025202681532504004,0.018066989477145658,1
0.1056584,0.3624695166929317,1,-1,0.01,4.0000000000000003e-05,0.0092524848276537026,7.9999984414769187e-10,1.0666666689948038e-09,1.7066666276824988e-13,1
0.1056584,0.3624695166929317,1,1,5.0000000000000002e-05,0.20000000000000001,9007.718269160343,0.018779495932070622,0.025202681532504004,0.01806698947714571,1
0.1056584,0.3624695166929317,1,1,5.0000000000000002e-05,4.0000000000000003e-05,1.8504969655307406,8.000000661922968e-10,1.0666667139917578e-09,1.7066666276824988e-13,1
0.1056584,0.3624695166929317,1,1,0.01,0.20000000000000001,45.038591345801713,0.018779495932070844,0.025202681532504004,0.018066989477145658,1
0.1056584,0.3624695166929317,1,1,0.01,4.0000000000000003e-05,0.0092524848276537026,7.9999984414769187e-10,1.0666666689948038e-09,1.7066666276824988e-13,1
0.1056584,1,0,-1,5.0000000000000002e-05,0.20000000000000001,100,0,0,0,1
0.1056584,1,0,-1,5.0000000000000002e-05,4.0000000000000003e-05,100,0,0,0,1
0.1056584,1,0,-1,0.01,0.20000000000000001,100,0,0,0,1
0.1056584,1,0,-1,0.01,4.0000000000000003e-05,100,0,0,0,1
0.1056584,1,0,1,5.0000000000000002e-05,0.20000000000000001,100,0,0,0,1
0.1056584,1,0,1,5.0000000000000002e-05,4.0000000000000003e-05,100,0,0,0,1
0.1056584,1,0,1,0.01,0.20000000000000001,100,0,0,0,1
0.1056584,1,0,1,0.01,4.0000000000000003e-05,100,0,0,0,1
0.1056584,1,1.0000000000000001e-09,-1,5.0000000000000002e-05,0.20000000000000001,100,0,7.5370008681708532e-13,1.5074001260619689e-12,1
0.1056584,1,1.0000000000000001e-09,-1,5.0000000000000002e-05,4.0000000000000003e-05,100,0,7.5370008681708532e-13,1.5074001260619689e-12,1
0.1056584,1,1.0000000000000001e-09,-1,0.01,0.20000000000000001,100,0,1.5035983343890047e-10,3.0033961732280542e-10,1
0.1056584,1,1.0000000000000001e-09,-1,0.01,4.0000000000000003e-05,100,0,1.5035983343890047e-10,3.0033961732280542e-10,1
0.1056584,1,1.0000000000000001e-09,1,5.0000000000000002e-05,0.20000000000000001,100,0,7.5370008681708532e-13,1.5074001260619689e-12,1
0.1056584,1,1.0000000000000001e-09,1,5.0000000000000002e-05,4.0000000000000003e-05,100,0,7.5370008681708532e-13,1.5074001260619689e-12,1
0.1056584,1,1.0000000000000001e-09,1,0.01,0.20000000000000001,100,0,1.5035983343890047e-10,3.0033961732280542e-10,1
0.1056584,1,1.0000000000000001e-09,1,0.01,4.0000000000000003e-05,100,0,1.5035983343890047e-10,3.0033961732280542e-10,1
0.1056584,1,1.0000000000000001e-05,-1,5.0000000000000002e-05,0.20000000000000001,0.25833773512392594,0,2.5274486016457111e-17,7.5823001306479822e-17,1
0.1056584,1,1.0000000000000001e-05,-1,5.0000000000000002e-05,4.0000000000000003e-05,5.3071504345351832e-05,-1.1102230246251565e-16,9.0723353716084869e-31,1.5777218104420236e-30,1
0.1056584,1,1.0000000000000001e-05,-1,0.01,0.20000000000000001,0.0012916879114570471,0,2.5276089129498021e-17,7.5823001306479822e-17,1
0.1056584,1,1.0000000000000001e-05,-1,0.01,4.0000000000000003e-05,2.6535752172675919e-07,0,0,0,1
0.1056584,1,1.0000000000000001e-05,1,5.0000000000000002e-05,0.20000000000000001,0.25833773512392594,0,2.5274486016457111e-17,7.5823001306479822e-17,1
0.1056584,1,1.0000000000000001e-05,1,5.0000000000000002e-05,4.0000000000000003e-05,5.3071504345351832e-05,-1.1102230246251565e-16,9.0723353716084869e-31,1.5777218104420236e-30,1
0.1056584,1,1.0000000000000001e-05,1,0.01,0.20000000000000001,0.0012916879114570471,0,2.5276089129498021e-17,7.5823001306479822e-17,1
0.1056584,1,1.0000000000000001e-05,1,0.01,4.0000000000000003e-05,2.6535752172675919e-07,0,0,0,1
0.1056584,1,0.10000000000000001,-1,5.0000000000000002e-05,0.20000000000000001,2583.3771585047484,1.8955812699505969e-06,2.5273722251244089e-05,7.5439760351587973e-05,1
0.1056584,1,0.10000000000000001,-1,5.0000000000000002e-05,4.0000000000000003e-05,0.53071504345351839,7.9936057773011271e-14,1.066666167365154e-12,3.1839550741998781e-12,1
0.1056584,1,0.10000000000000001,-1,0.01,0.20000000000000001,12.91688579252386,1.8955812699505969e-06,2.5273722251258292e-05,7.543976035158796e-05,1
0.1056584,1,0.10000000000000001,-1,0.01,4.0000000000000003e-05,0.0026535752172675911,8.0158102377936302e-14,1.0666432867920827e-12,3.1839550741998777e-12,1
0.1056584,1,0.10000000000000001,1,5.0000000000000002e-05,0.20000000000000001,2583.3771585047484,1.8955812699505969e-06,2.5273722251244089e-05,7.5439760351587973e-05,1
0.1056584,1,0.10000000000000001,1,5.0000000000000002e-05,4.0000000000000003e-05,0.53071504345351839,7.9936057773011271e-14,1.066666167365154e-12,3.1839550741998781e-12,1
0.1056584,1,0.10000000000000001,1,0.01,0.20000000000000001,12.91688579252386,1.8955812699505969e-06,2.5273722251258292e-05,7.543976035158796e-05,1
0.1056584,1,0.10000000000000001,1,0.01,4.0000000000000003e-05,0.0026535752172675911,8.0158102377936302e-14,1.0666432867920827e-12,3.1839550741998777e-12,1
0.1056584,1,0.70710678118654746,-1,5.0000000000000002e-05,0.20000000000000001,18267.235071411487,0.0047277817065183303,0.0089231695808506782,0.018874998690750305,1
0.1056584,1,0.70710678118654746,-1,5.0000000000000002e-05,4.0000000000000003e-05,3.7527220610369603,2.000000165480742e-10,3.7712368421193843e-10,8.0000002550337573e-10,1
0.1056584,1,0.70710678118654746,-1,0.01,0.20000000000000001,91.336175357057428,0.0047277817065183303,0.0089231695808506106,0.018874998690750305,1
0.1056584,1,0.70710678118654746,-1,0.01,4.0000000000000003e-05,0.018763610305184798,2.000000165480742e-10,3.771236250429937e-10,8.0000002550337573e-10,1
0.1056584,1,0.70710678118654746,1,5.0000000000000002e-05,0.20000000000000001,18267.235071411487,0.0047277817065183303,0.0089231695808506782,0.018874998690750305,1
0.1056584,1,0.70710678118654746,1,5.0000000000000002e-05,4.0000000000000003e-05,3.7527220610369603,2.000000165480742e-10,3.7712368421193843e-10,8.0000002550337573e-10,1
0.1056584,1,0.70710678118654746,1,0.01,0.20000000000000001,91.336175357057428,0.0047277817065183303,0.0089231695808506106,0.018874998690750305,1
0.1056584,1,0.70710678118654746,1,0.01,4.0000000000000003e-05,0.018763610305184798,2.000000165480742e-10,3.771236250429937e-10,8.0000002550337573e-10,1
0.1056584,1,1,-1,5.0000000000000002e-05,0.20000000000000001,25833.77158504758,0.018779495932070844,0.025202681532503938,0.018066989477145658,0
0.1056584,1,1,-1,5.0000000000000002e-05,4.0000000000000003e-05,5.307150434535183,8.000000661922968e-10,1.0666666905608815e-09,1.7066666276824988e-13,1
0.1056584,1,1,-1,0.01,0.20000000000000001,129.16885792523792,0.018779495932070844,0.025202681532503983,0.01806698947714571,0
0.1056584,1,1,-1,0.01,4.0000000000000003e-05,0.026535752172675918,8.000000661922968e-10,1.0666666905608811e-09,1.7066667632077703e-13,1
0.1056584,1,1,1,5.0000000000000002e-05,0.20000000000000001,25833.77158504758,0.018779495932070844,0.025202681532503938,0.018066989477145658,0
0.1056584,1,1,1,5.0000000000000002e-05,4.0000000000000003e-05,5.307150434535183,8.000000661922968e-10,1.0666666905608815e-09,1.7066666276824988e-13,1
0.1056584,1,1,1,0.01,0.20000000000000001,129.16885792523792,0.018779495932070844,0.025202681532503983,0.01806698947714571,0
0.1056584,1,1,1,0.01,4.0000000000000003e-05,0.026535752172675918,8.000000661922968e-10,1.0666666905608811e-09,1.7066667632077703e-13,1
0.1056584,1000,0,-1,5.0000000000000002e-05,0.20000000000000001,100,0,0,0,1
0.1056584,1000,0,-1,5.0000000000000002e-05,4.0000000000000003e-05,100,0,0,0,1
0.1056584,1000,0,-1,0.01,0.20000000000000001,100,0,0,0,1
0.1056584,1000,0,-1,0.01,4.0000000000000003e-05,100,0,0,0,1
0.1056584,1000,0,1,5.0000000000000002e-05,0.20000000000000001,100,0,0,0,1
0.1056584,1000,0,1,5.0000000000000002e-05,4.0000000000000003e-05,100,0,0,0,1
0.1056584,1000,0,1,0.01,0.20000000000000001,100,0,0,0,1
0.1056584,1000,0,1,0.01,4.0000000000000003e-05,100,0,0,0,1
0.1056584,1000,1.0000000000000001e-09,-1,5.0000000000000002e-05,0.20000000000000001,100,0,7.4948129089204161e-16,1.4989625817840371e-15,1
0.1056584,1000,1.0000000000000001e-09,-1,5.0000000000000002e-05,4.0000000000000003e-05,5.3370244785860307e-06,0,0,1.1754943508222875e-38,1
0.1056584,1000,1.0000000000000001e-09,-1,0.01,0.20000000000000001,100,0,1.4989625780419521e-13,2.9979251523416803e-13,1
0.1056584,1000,1.0000000000000001e-09,-1,0.01,4.0000000000000003e-05,2.6685122392930153e-08,0,1.1547587699414015e-25,0,1
0.1056584,1000,1.0000000000000001e-09,1,5.0000000000000002e-05,0.20000000000000001,100,0,7.4948129089204161e-16,1.4989625817840371e-15,1
0.1056584,1000,1.0000000000000001e-09,1,5.0000000000000002e-05,4.0000000000000003e-05,5.3370244785860307e-06,0,0,1.1754943508222875e-38,1
0.1056584,1000,1.0000000000000001e-09,1,0.01,0.20000000000000001,100,0,1.4989625780419521e-13,2.9979251523416803e-13,1
0.1056584,1000,1.0000000000000001e-09,1,0.01,4.0000000000000003e-05,2.6685122392930153e-08,0,1.1547587699414015e-25,0,1
0.1056584,1000,1.0000000000000001e-05,-1,5.0000000000000002e-05,0.20000000000000001,259.79192282300971,0,2.5273797142063349e-17,7.5823001306479822e-17,1
0.1056584,1000,1.0000000000000001e-05,-1,5.0000000000000002e-05,4.0000000000000003e-05,0.053370244785860312,0,1.9838604606670028e-21,1.5777218104420236e-30,1
0.1056584,1000,1.0000000000000001e-05,-1,0.01,0.20000000000000001,1.2989588456509815,0,2.5273551259620628e-17,7.5823001306479822e-17,1
0.1056584,1000,1.0000000000000001e-05,-1,0.01,4.0000000000000003e-05,0.00026685122392930156,0,0,0,1
0.1056584,1000,1.0000000000000001e-05,1,5.0000000000000002e-05,0.20000000000000001,259.79192282300971,0,2.5273797142063349e-17,7.5823001306479822e-17,1
0.1056584,1000,1.0000000000000001e-05,1,5.0000000000000002e-05,4.0000000000000003e-05,0.053370244785860312,0,1.9838604606670028e-21,1.5777218104420236e-30,1
0.1056584,1000,1.0000000000000001e-05,1,0.01,0.20000000000000001,1.2989588456509815,0,2.5273551259620628e-17,7.5823001306479822e-17,1
0.1056584,1000,1.0000000000000001e-05,1,0.01,4.0000000000000003e-05,0.00026685122392930156,0,0,0,1
0.1056584,1000,0.10000000000000001,-1,5.0000000000000002e-05,0.20000000000000001,2597919.0344106797,1.8955812699505969e-06,2.5273722251225481e-05,7.543976035158796e-05,0
0.1056584,1000,0.10000000000000001,-1,5.0000000000000002e-05,4.0000000000000003e-05,533.70244785860314,8.0158102377936302e-14,1.0666612768011805e-12,3.1839550741998781e-12,1
0.1056584,1000,0.10000000000000001,-1,0.01,0.20000000000000001,12989.595172053521,1.8955812701726416e-06,2.527372225125816e-05,7.543976035158796e-05,0
0.1056584,1000,0.10000000000000001,-1,0.01,4.0000000000000003e-05,2.668512239293015,8.0158102377936302e-14,1.0666579484356347e-12,3.1839550741998781e-12,1
0.1056584,1000,0.10000000000000001,1,5.0000000000000002e-05,0.20000000000000001,2597919.0344106797,1.8955812699505969e-06,2.5273722251225481e-05,7.543976035158796e-05,0
0.1056584,1000,0.10000000000000001,1,5.0000000000000002e-05,4.0000000000000003e-05,533.70244785860314,8.0158102377936302e-14,1.0666612768011805e-12,3.1839550741998781e-12,1
0.1056584,1000,0.10000000000000001,1,0.01,0.20000000000000001,12989.595172053521,1.8955812701726416e-06,2.527372225125816e-05,7.543976035158796e-05,0
0.1056584,1000,0.10000000000000001,1,0.01,4.0000000000000003e-05,2.668512239293015,8.0158102377936302e-14,1.0666579484356347e-12,3.1839550741998781e-12,1
0.1056584,1000,0.70710678118654746,-1,5.0000000000000002e-05,0.20000000000000001,18370061.662054066,0.0047277817065183303,0.0089231695808507962,0.018874998690750305,0
0.1056584,1000,0.70710678118654746,-1,5.0000000000000002e-05,4.0000000000000003e-05,3773.8462001667799,2.000000165480742e-10,3.7712370684091723e-10,8.0000002550337573e-10,1
0.1056584,1000,0.70710678118654746,-1,0.01,0.20000000000000001,91850.308310270324,0.0047277817065183303,0.00892316958085064,0.018874998690750305,0
0.1056584,1000,0.70710678118654746,-1,0.01,4.0000000000000003e-05,18.869231000833896,2.000000165480742e-10,3.7712359387244454e-10,8.0000002550337573e-10,1
0.1056584,1000,0.70710678118654746,1,5.0000000000000002e-05,0.20000000000000001,18370061.662054066,0.0047277817065183303,0.0089231695808507962,0.018874998690750305,0
0.1056584,1000,0.70710678118654746,1,5.0000000000000002e-05,4.0000000000000003e-05,3773.8462001667799,2.000000165480742e-10,3.7712370684091723e-10,8.0000002550337573e-10,1
0.1056584,1000,0.70710678118654746,1,0.01,0.20000000000000001,91850.308310270324,0.0047277817065183303,0.00892316958085064,0.018874998690750305,0
0.1056584,1000,0.70710678118654746,1,0.01,4.0000000000000003e-05,18.869231000833896,2.000000165480742e-10,3.7712359387244454e-10,8.0000002550337573e-10,1
0.1056584,1000,1,-1,5.0000000000000002e-05,0.20000000000000001,25979190.344106901,0.018779495932070844,0.025202681532503973,0.01806698947714571,0
0.1056584,1000,1,-1,5.0000000000000002e-05,4.0000000000000003e-05,5337.0244785860305,7.9999984414769187e-10,1.0666667515080311e-09,1.7066667632077703e-13,1
0.1056584,1000,1,-1,0.01,0.20000000000000001,129895.95172053452,0.018779495932070844,0.025202681532503934,0.01806698947714571,0
0.1056584,1000,1,-1,0.01,4.0000000000000003e-05,26.685122392930154,7.9999984414769187e-10,1.0666667355318765e-09,1.7066667632077703e-13,1
0.1056584,1000,1,1,5.0000000000000002e-05,0.20000000000000001,25979190.344106901,0.018779495932070844,0.025202681532503973,0.01806698947714571,0
0.1056584,1000,1,1,5.0000000000000002e-05,4.0000000000000003e-05,5337.0244785860305,7.9999984414769187e-10,1.0666667515080311e-09,1.7066667632077703e-13,1
0.1056584,1000,1,1,0.01,0.20000000000000001,129895.95172053452,0.018779495932070844,0.025202681532503934,0.01806698947714571,0
0.1056584,1000,1,1,0.01,4.0000000000000003e-05,26.685122392930154,7.9999984414769187e-10,1.0666667355318765e-09,1.7066667632077703e-13,1
0.1056584,10000,0,-1,5.0000000000000002e-05,0.20000000000000001,100,0,0,0,1
0.1056584,10000,0,-1,5.0000000000000002e-05,4.0000000000000003e-05,100,0,0,0,1
0.1056584,10000,0,-1,0.01,0.20000000000000001,100,0,0,0,1
0.1056584,10000,0,-1,0.01,4.0000000000000003e-05,100,0,0,0,1
0.1056584,10000,0,1,5.0000000000000002e-05,0.20000000000000001,100,0,0,0,1
0.1056584,10000,0,1,5.0000000000000002e-05,4.0000000000000003e-05,100,0,0,0,1
0.1056584,10000,0,1,0.01,0.20000000000000001,100,0,0,0,1
0.1056584,10000,0,1,0.01,4.0000000000000003e-05,100,0,0,0,1
0.1056584,10000,1.0000000000000001e-09,-1,5.0000000000000002e-05,0.20000000000000001,100,0,7.4948128675043195e-17,1.4989625735008634e-16,1
0.1056584,10000,1.0000000000000001e-09,-1,5.0000000000000002e-05,4.0000000000000003e-05,5.3370245080785899e-05,0,1.1824729738856136e-25,0,1
0.1056584,10000,1.0000000000000001e-09,-1,0.01,0.20000000000000001,100,0,1.4989625734634426e-14,2.9979251468894629e-14,1
0.1056584,10000,1.0000000000000001e-09,-1,0.01,4.0000000000000003e-05,2.6685122540392951e-07,0,5.2512348864191587e-39,0,1
0.1056584,10000,1.0000000000000001e-09,1,5.0000000000000002e-05,0.20000000000000001,100,0,7.4948128675043195e-17,1.4989625735008634e-16,1
0.1056584,10000,1.0000000000000001e-09,1,5.0000000000000002e-05,4.0000000000000003e-05,5.3370245080785899e-05,0,1.1824729738856136e-25,0,1
0.1056584,10000,1.0000000000000001e-09,1,0.01,0.20000000000000001,100,0,1.4989625734634426e-14,2.9979251468894629e-14,1
0.1056584,10000,1.0000000000000001e-09,1,0.01,4.0000000000000003e-05,2.6685122540392951e-07,0,5.2512348864191587e-39,0,1
0.1056584,10000,1.0000000000000001e-05,-1,5.0000000000000002e-05,0.20000000000000001,2597.9192425862775,0,2.5276467945279621e-17,7.5823001306479822e-17,1
0.1056584,10000,1.0000000000000001e-05,-1,5.0000000000000002e-05,4.0000000000000003e-05,0.53370245080785905,0,7.3904560867850843e-31,1.5777218104420236e-30,1
0.1056584,10000,1.0000000000000001e-05,-1,0.01,0.20000000000000001,12.989588528290671,0,2.5275898629737674e-17,7.5823001306479822e-17,1
0.1056584,10000,1.0000000000000001e-05,-1,0.01,4.0000000000000003e-05,0.0026685122540392949,-1.1102230246251565e-16,5.7737938178008484e-31,1.5777218104420236e-30,1
0.1056584,10000,1.0000000000000001e-05,1,5.0000000000000002e-05,0.20000000000000001,2597.9192425862775,0,2.5276467945279621e-17,7.5823001306479822e-17,1
0.1056584,10000,1.0000000000000001e-05,1,5.0000000000000002e-05,4.0000000000000003e-05,0.53370245080785905,0,7.3904560867850843e-31,1.5777218104420236e-30,1
0.1056584,10000,1.0000000000000001e-05,1,0.01,0.20000000000000001,12.989588528290671,0,2.5275898629737674e-17,7.5823001306479822e-17,1
0.1056584,10000,1.0000000000000001e-05,1,0.01,4.0000000000000003e-05,0.0026685122540392949,-1.1102230246251565e-16,5.7737938178008484e-31,1.5777218104420236e-30,1
0.1056584,10000,0.10000000000000001,-1,5.0000000000000002e-05,0.20000000000000001,25979190.487668596,1.8955812699505969e-06,2.5273722251251316e-05,7.543976035158796e-05,0
0.1056584,10000,0.10000000000000001,-1,5.0000000000000002e-05,4.0000000000000003e-05,5337.0245080785899,8.0158102377936302e-14,1.0666532828295115e-12,3.1839550741998781e-12,1
0.1056584,10000,0.10000000000000001,-1,0.01,0.20000000000000001,129895.95243834417,1.8955812699505969e-06,2.5273722251233166e-05,7.543976035158796e-05,0
0.1056584,10000,0.10000000000000001,-1,0.01,4.0000000000000003e-05,26.68512254039295,7.9936057773011271e-14,1.0666579425412503e-12,3.1839550741998777e-12,1
0.1056584,10000,0.10000000000000001,1,5.0000000000000002e-05,0.20000000000000001,25979190.487668596,1.8955812699505969e-06,2.5273722251251316e-05,7.543976035158796e-05,0
0.1056584,10000,0.10000000000000001,1,5.0000000000000002e-05,4.0000000000000003e-05,5337.0245080785899,8.0158102377936302e-14,1.0666532828295115e-12,3.1839550741998781e-12,1
0.1056584,10000,0.10000000000000001,1,0.01,0.20000000000000001,129895.95243834417,1.8955812699505969e-06,2.5273722251233166e-05,7.543976035158796e-05,0
0.1056584,10000,0.10000000000000001,1,0.01,4.0000000000000003e-05,26.68512254039295,7.9936057773011271e-14,1.0666579425412503e-12,3.1839550741998777e-12,1
0.1056584,10000,0.70710678118654746,-1,5.0000000000000002e-05,0.20000000000000001,183700617.63567585,0.0047277817065183303,0.0089231695808507198,0.018874998690750305,0
0.1056584,10000,0.70710678118654746,-1,5.0000000000000002e-05,4.0000000000000003e-05,37738.462210211692,2.000000165480742e-10,3.7712358425721661e-10,8.0000002550337573e-10,1
0.1056584,10000,0.70710678118654746,-1,0.01,0.20000000000000001,918503.08817837923,0.0047277817065181083,0.0089231695808507407,0.018874998690750305,0
0.1056584,10000,0.70710678118654746,-1,0.01,4.0000000000000003e-05,188.69231105105845,2.000000165480742e-10,3.771237047569201e-10,8.0000002550337573e-10,1
0.1056584,10000,0.70710678118654746,1,5.0000000000000002e-05,0.20000000000000001,183700617.63567585,0.0047277817065183303,0.0089231695808507198,0.018874998690750305,0
0.1056584,10000,0.70710678118654746,1,5.0000000000000002e-05,4.0000000000000003e-05,37738.462210211692,2.000000165480742e-10,3.7712358425721661e-10,8.0000002550337573e-10,1
0.1056584,10000,0.70710678118654746,1,0.01,0.20000000000000001,918503.08817837923,0.0047277817065181083,0.0089231695808507407,0.018874998690750305,0
0.1056584,10000,0.70710678118654746,1,0.01,4.0000000000000003e-05,188.69231105105845,2.000000165480742e-10,3.771237047569201e-10,8.0000002550337573e-10,1
0.1056584,10000,1,-1,5.0000000000000002e-05,0.20000000000000001,259791904.87668696,0.018779495932070844,0.025202681532503997,0.018066989477145658,0
0.1056584,10000,1,-1,5.0000000000000002e-05,4.0000000000000003e-05,53370.245080785899,8.000000661922968e-10,1.0666668478609877e-09,1.7066666276824988e-13,1
0.1056584,10000,1,-1,0.01,0.20000000000000001,1298959.5243834348,0.018779495932070844,0.025202681532503837,0.018066989477145762,0
0.1056584,10000,1,-1,0.01,4.0000000000000003e-05,266.8512254039295,8.000000661922968e-10,1.0666667030105195e-09,1.7066667632077703e-13,1
0.1056584,10000,1,1,5.0000000000000002e-05,0.20000000000000001,259791904.87668696,0.018779495932070844,0.025202681532503997,0.018066989477145658,0
0.1056584,10000,1,1,5.0000000000000002e-05,4.0000000000000003e-05,53370.245080785899,8.000000661922968e-10,1.0666668478609877e-09,1.7066666276824988e-13,1
0.1056584,10000,1,1,0.01,0.20000000000000001,1298959.5243834348,0.018779495932070844,0.025202681532503837,0.018066989477145762,0
0.1056584,10000,1,1,0.01,4.0000000000000003e-05,266.8512254039295,8.000000661922968e-10,1.0666667030105195e-09,1.7066667632077703e-13,1
