pdg,P_physical,energy_GeV,axis,samples,mean_cos,expected_cos,sem,second_moment,right_fraction
15,-1,10,0,3000,-0.353427,-0.333333,0.00860663,0.3395,0
15,-1,10,1,3000,-0.333236,-0.333333,0.00860663,0.330354,0
15,-1,1000,0,3000,-0.34227,-0.333333,0.00860663,0.337275,0
15,-1,1000,1,3000,-0.326882,-0.333333,0.00860663,0.330133,0
15,-1,1e+08,0,3000,-0.32268,-0.333333,0.00860663,0.337097,0
15,-1,1e+08,1,3000,-0.35014,-0.333333,0.00860663,0.341936,0
-15,1,10,0,3000,-0.331919,-0.333333,0.00860663,0.326898,0
-15,1,10,1,3000,-0.33175,-0.333333,0.00860663,0.338063,0
-15,1,1000,0,3000,-0.338885,-0.333333,0.00860663,0.330949,0
-15,1,1000,1,3000,-0.328118,-0.333333,0.00860663,0.330402,0
-15,1,1e+08,0,3000,-0.342641,-0.333333,0.00860663,0.341784,0
-15,1,1e+08,1,3000,-0.33607,-0.333333,0.00860663,0.335991,0
15,-0.5,10,0,3000,-0.161447,-0.166667,0.0100922,0.326773,0.256
15,-0.5,10,1,3000,-0.198671,-0.166667,0.0100922,0.345776,0.237667
15,-0.5,1000,0,3000,-0.169364,-0.166667,0.0100922,0.332341,0.253667
15,-0.5,1000,1,3000,-0.166184,-0.166667,0.0100922,0.3332,0.242667
15,-0.5,1e+08,0,3000,-0.149682,-0.166667,0.0100922,0.33346,0.248
15,-0.5,1e+08,1,3000,-0.174242,-0.166667,0.0100922,0.345401,0.247667
-15,0.5,10,0,3000,-0.156066,-0.166667,0.0100922,0.328474,0.244667
-15,0.5,10,1,3000,-0.154083,-0.166667,0.0100922,0.326278,0.264667
-15,0.5,1000,0,3000,-0.160768,-0.166667,0.0100922,0.332392,0.239333
-15,0.5,1000,1,3000,-0.156382,-0.166667,0.0100922,0.32836,0.260667
-15,0.5,1e+08,0,3000,-0.170109,-0.166667,0.0100922,0.336066,0.249667
-15,0.5,1e+08,1,3000,-0.165472,-0.166667,0.0100922,0.323508,0.237333
15,0,10,0,3000,0.00639934,0,0.0105409,0.337238,0
15,0,10,1,3000,-0.00726419,0,0.0105409,0.328085,0
15,0,1000,0,3000,-0.00924225,0,0.0105409,0.334383,0
15,0,1000,1,3000,0.00523123,0,0.0105409,0.32128,0
15,0,1e+08,0,3000,0.0179329,0,0.0105409,0.332142,0
15,0,1e+08,1,3000,0.0120797,0,0.0105409,0.329413,0
-15,-0,10,0,3000,0.00850847,0,0.0105409,0.332253,0
-15,-0,10,1,3000,0.00122005,0,0.0105409,0.332703,0
-15,-0,1000,0,3000,-0.0074182,0,0.0105409,0.337166,0
-15,-0,1000,1,3000,-0.0101465,0,0.0105409,0.321185,0
-15,-0,1e+08,0,3000,0.00510492,0,0.0105409,0.33006,0
-15,-0,1e+08,1,3000,0.0012304,0,0.0105409,0.335357,0
15,0.5,10,0,3000,0.161302,0.166667,0.0100922,0.334623,0.730667
15,0.5,10,1,3000,0.155641,0.166667,0.0100922,0.319387,0.751
15,0.5,1000,0,3000,0.162695,0.166667,0.0100922,0.332131,0.746
15,0.5,1000,1,3000,0.150543,0.166667,0.0100922,0.329783,0.739
15,0.5,1e+08,0,3000,0.174481,0.166667,0.0100922,0.329654,0.745667
15,0.5,1e+08,1,3000,0.153021,0.166667,0.0100922,0.340231,0.731667
-15,-0.5,10,0,3000,0.16199,0.166667,0.0100922,0.345046,0.731667
-15,-0.5,10,1,3000,0.157088,0.166667,0.0100922,0.331496,0.746333
-15,-0.5,1000,0,3000,0.152848,0.166667,0.0100922,0.332631,0.741667
-15,-0.5,1000,1,3000,0.180803,0.166667,0.0100922,0.334266,0.753333
-15,-0.5,1e+08,0,3000,0.155972,0.166667,0.0100922,0.328021,0.739667
-15,-0.5,1e+08,1,3000,0.17659,0.166667,0.0100922,0.329271,0.765667
15,1,10,0,3000,0.337886,0.333333,0.00860663,0.335414,1
15,1,10,1,3000,0.339707,0.333333,0.00860663,0.334922,1
15,1,1000,0,3000,0.337311,0.333333,0.00860663,0.334487,1
15,1,1000,1,3000,0.337864,0.333333,0.00860663,0.330723,1
15,1,1e+08,0,3000,0.340413,0.333333,0.00860663,0.336501,1
15,1,1e+08,1,3000,0.352206,0.333333,0.00860663,0.340858,1
-15,-1,10,0,3000,0.339563,0.333333,0.00860663,0.328469,1
-15,-1,10,1,3000,0.334595,0.333333,0.00860663,0.333432,1
-15,-1,1000,0,3000,0.336752,0.333333,0.00860663,0.341089,1
-15,-1,1000,1,3000,0.325929,0.333333,0.00860663,0.332171,1
-15,-1,1e+08,0,3000,0.325842,0.333333,0.00860663,0.325665,1
-15,-1,1e+08,1,3000,0.35108,0.333333,0.00860663,0.34071,1
